source,rank,name,norm_name
Tankathon,1,Cameron Boozer,cameron boozer
Tankathon,2,Darryn Peterson,darryn peterson
Tankathon,3,AJ Dybantsa,aj dybantsa
Tankathon,4,Caleb Wilson,caleb wilson
Tankathon,5,Keaton Wagler,keaton wagler
Tankathon,6,Darius Acuff Jr.,darius acuff
Tankathon,7,Kingston Flemings,kingston flemings
Tankathon,8,Brayden Burries,brayden burries
Tankathon,9,Mikel Brown Jr.,mikel brown
Tankathon,10,Nate Ament,nate ament
Tankathon,11,Labaron Philon Jr.,labaron philon
Tankathon,12,Yaxel Lendeborg,yaxel lendeborg
Tankathon,13,Karim López,karim lopez
Tankathon,14,Cameron Carr,cameron carr
Tankathon,15,Hannes Steinbach,hannes steinbach
Tankathon,16,Chris Cenac Jr.,chris cenac
Tankathon,17,Morez Johnson Jr.,morez johnson
Tankathon,18,Aday Mara,aday mara
Tankathon,19,Jayden Quaintance,jayden quaintance
Tankathon,20,Bennett Stirtz,bennett stirtz
Tankathon,21,Dailyn Swain,dailyn swain
Tankathon,22,Christian Anderson,christian anderson
Tankathon,23,Allen Graves,allen graves
Tankathon,24,Ebuka Okorie,ebuka okorie
Tankathon,25,Koa Peat,koa peat
Tankathon,26,Isaiah Evans,isaiah evans
Tankathon,27,Joshua Jefferson,joshua jefferson
Tankathon,28,Meleek Thomas,meleek thomas
Tankathon,29,Henri Veesaar,henri veesaar
Tankathon,30,Tarris Reed Jr.,tarris reed
Tankathon,31,Sergio de Larrea,sergio de larrea
Tankathon,32,Alex Karaban,alex karaban
Tankathon,33,Zuby Ejiofor,zuby ejiofor
Tankathon,34,Luigi Suigo,luigi suigo
Tankathon,35,Richie Saunders,richie saunders
Tankathon,36,Ryan Conwell,ryan conwell
Tankathon,37,Ugonna Onyenso,ugonna onyenso
Tankathon,38,Jaden Bradley,jaden bradley
Tankathon,39,Trevon Brazile,trevon brazile
Tankathon,40,Baba Miller,baba miller
Tankathon,41,Jack Kayil,jack kayil
Tankathon,42,Otega Oweh,otega oweh
Tankathon,43,Nick Martinelli,nick martinelli
Tankathon,44,Ja'Kobi Gillespie,ja kobi gillespie
Tankathon,45,Emanuel Sharp,emanuel sharp
Tankathon,46,Izaiyah Nelson,izaiyah nelson
Tankathon,47,Bruce Thornton,bruce thornton
Tankathon,48,Milos Uzan,milos uzan
Tankathon,49,Tyler Nickel,tyler nickel
Tankathon,50,Braden Smith,braden smith
Tankathon,51,Maliq Brown,maliq brown
Tankathon,52,Tyler Bilodeau,tyler bilodeau
Tankathon,53,Felix Okpara,felix okpara
Tankathon,54,Tamin Lipsey,tamin lipsey
Tankathon,55,Pavle Backo,pavle backo
Tankathon,56,Kylan Boswell,kylan boswell
Tankathon,57,Tobi Lawal,tobi lawal
Tankathon,58,Rafael Castro,rafael castro
Tankathon,59,Keyshawn Hall,keyshawn hall
Tankathon,60,Dillon Mitchell,dillon mitchell
Tankathon,61,Quadir Copeland,quadir copeland
Tankathon,62,Nick Boyd,nick boyd
Tankathon,63,Peter Suder,peter suder
Tankathon,64,Nate Bittle,nate bittle
Tankathon,65,Aaron Nkrumah,aaron nkrumah
Tankathon,66,Trey Kaufman-Renn,trey kaufman renn
Tankathon,67,Bryce Hopkins,bryce hopkins
Tankathon,68,Malik Reneau,malik reneau
Tankathon,69,Tucker DeVries,tucker devries
Tankathon,70,Darrion Williams,darrion williams
Tankathon,71,Mark Mitchell,mark mitchell
Tankathon mock,1,AJ Dybantsa,aj dybantsa
Tankathon mock,2,Darryn Peterson,darryn peterson
Tankathon mock,3,Cameron Boozer,cameron boozer
Tankathon mock,4,Caleb Wilson,caleb wilson
Tankathon mock,5,Keaton Wagler,keaton wagler
Tankathon mock,6,Darius Acuff Jr.,darius acuff
Tankathon mock,7,Kingston Flemings,kingston flemings
Tankathon mock,8,Aday Mara,aday mara
Tankathon mock,9,Brayden Burries,brayden burries
Tankathon mock,10,Mikel Brown Jr.,mikel brown
Tankathon mock,11,Nate Ament,nate ament
Tankathon mock,12,Yaxel Lendeborg,yaxel lendeborg
Tankathon mock,13,Labaron Philon Jr.,labaron philon
Tankathon mock,14,Karim López,karim lopez
Tankathon mock,15,Cameron Carr,cameron carr
Tankathon mock,16,Jayden Quaintance,jayden quaintance
Tankathon mock,17,Dailyn Swain,dailyn swain
Tankathon mock,18,Hannes Steinbach,hannes steinbach
Tankathon mock,19,Bennett Stirtz,bennett stirtz
Tankathon mock,20,Chris Cenac Jr.,chris cenac
Tankathon mock,21,Christian Anderson,christian anderson
Tankathon mock,22,Morez Johnson Jr.,morez johnson
Tankathon mock,23,Ebuka Okorie,ebuka okorie
Tankathon mock,24,Allen Graves,allen graves
Tankathon mock,25,Henri Veesaar,henri veesaar
Tankathon mock,26,Isaiah Evans,isaiah evans
Tankathon mock,27,Koa Peat,koa peat
Tankathon mock,28,Meleek Thomas,meleek thomas
Tankathon mock,29,Alex Karaban,alex karaban
Tankathon mock,30,Joshua Jefferson,joshua jefferson
Tankathon mock,31,Tarris Reed Jr.,tarris reed
Tankathon mock,32,Ryan Conwell,ryan conwell
Tankathon mock,33,Zuby Ejiofor,zuby ejiofor
Tankathon mock,34,Luigi Suigo,luigi suigo
Tankathon mock,35,Richie Saunders,richie saunders
Tankathon mock,36,Ugonna Onyenso,ugonna onyenso
Tankathon mock,37,Baba Miller,baba miller
Tankathon mock,38,Trevon Brazile,trevon brazile
Tankathon mock,39,Otega Oweh,otega oweh
Tankathon mock,40,Sergio de Larrea,sergio de larrea
Tankathon mock,41,Nick Martinelli,nick martinelli
Tankathon mock,42,Jaden Bradley,jaden bradley
Tankathon mock,43,Jack Kayil,jack kayil
Tankathon mock,44,Braden Smith,braden smith
Tankathon mock,45,Emanuel Sharp,emanuel sharp
Tankathon mock,46,Ja'Kobi Gillespie,ja kobi gillespie
Tankathon mock,47,Milos Uzan,milos uzan
Tankathon mock,48,Bruce Thornton,bruce thornton
Tankathon mock,49,Tyler Nickel,tyler nickel
Tankathon mock,50,Felix Okpara,felix okpara
Tankathon mock,51,Izaiyah Nelson,izaiyah nelson
Tankathon mock,52,Maliq Brown,maliq brown
Tankathon mock,53,Tamin Lipsey,tamin lipsey
Tankathon mock,54,Tobi Lawal,tobi lawal
Tankathon mock,55,Keyshawn Hall,keyshawn hall
Tankathon mock,56,Rafael Castro,rafael castro
Tankathon mock,57,Dillon Mitchell,dillon mitchell
Tankathon mock,58,Tyler Bilodeau,tyler bilodeau
Tankathon mock,59,Kylan Boswell,kylan boswell
Tankathon mock,60,Pavle Backo,pavle backo
Rookie Scale consensus,2,Darryn Peterson,darryn peterson
Rookie Scale consensus,1,AJ Dybantsa,aj dybantsa
Rookie Scale consensus,3,Cam Boozer,cameron boozer
Rookie Scale consensus,7,Mikel Brown Jr.,mikel brown
Rookie Scale consensus,9,Nate Ament,nate ament
Rookie Scale consensus,4,Caleb Wilson,caleb wilson
Rookie Scale consensus,17,Jayden Quaintance,jayden quaintance
Rookie Scale consensus,25,Koa Peat,koa peat
Rookie Scale consensus,13,Karim López,karim lopez
Rookie Scale consensus,12,Yaxel Lendeborg,yaxel lendeborg
Rookie Scale consensus,14,Labaron Philon Jr.,labaron philon
Rookie Scale consensus,59,Darrion Williams,darrion williams
Rookie Scale consensus,19,Bennett Stirtz,bennett stirtz
Rookie Scale consensus,8,Kingston Flemings,kingston flemings
Rookie Scale consensus,21,Chris Cenac Jr.,chris cenac
Rookie Scale consensus,26,Isaiah Evans,isaiah evans
Rookie Scale consensus,65,Duke Miles,duke miles
Rookie Scale consensus,61,Tamin Lipsey,tamin lipsey
Rookie Scale consensus,15,Hannes Steinbach,hannes steinbach
Rookie Scale consensus,46,Otega Oweh,otega oweh
Rookie Scale consensus,6,Darius Acuff Jr.,darius acuff
Rookie Scale consensus,18,Cameron Carr,cameron carr
Rookie Scale consensus,35,Luigi Suigo,luigi suigo
Rookie Scale consensus,23,Allen Graves,allen graves
Rookie Scale consensus,43,Dillon Mitchell,dillon mitchell
Rookie Scale consensus,11,Aday Mara,aday mara
Rookie Scale consensus,28,Meleek Thomas,meleek thomas
Rookie Scale consensus,29,Alex Karaban,alex karaban
Rookie Scale consensus,33,Sergio de Larrea,sergio de larrea
Rookie Scale consensus,27,Henri Veesaar,henri veesaar
Rookie Scale consensus,67,Tobe Awaka,tobe awaka
Rookie Scale consensus,40,Trevon Brazile,trevon brazile
Rookie Scale consensus,53,Kylan Boswell,kylan boswell
Rookie Scale consensus,73,Malik Reneau,malik reneau
Rookie Scale consensus,77,Jaden Henley,jaden henley
Rookie Scale consensus,22,Dailyn Swain,dailyn swain
Rookie Scale consensus,30,Zuby Ejiofor,zuby ejiofor
Rookie Scale consensus,78,Xaivian Lee,xaivian lee
Rookie Scale consensus,37,Braden Smith,braden smith
Rookie Scale consensus,20,Christian Anderson Jr.,christian anderson
Rookie Scale consensus,45,Bruce Thornton,bruce thornton
Rookie Scale consensus,52,Milos Uzan,milos uzan
Rookie Scale consensus,10,Brayden Burries,brayden burries
Rookie Scale consensus,24,Ebuka Okorie,ebuka okorie
Rookie Scale consensus,39,Jaden Bradley,jaden bradley
Rookie Scale consensus,44,Emanuel Sharp,emanuel sharp
Rookie Scale consensus,31,Tarris Reed Jr.,tarris reed
Rookie Scale consensus,32,Joshua Jefferson,joshua jefferson
Rookie Scale consensus,57,Felix Okpara,felix okpara
Rookie Scale consensus,75,Cade Tyson,cade tyson
Rookie Scale consensus,34,Baba Miller,baba miller
Rookie Scale consensus,69,Lamar Wilkerson,lamar wilkerson
Rookie Scale consensus,80,Oscar Cluff,oscar cluff
Rookie Scale consensus,76,Nick Boyd,nick boyd
Rookie Scale consensus,16,Morez Johnson Jr.,morez johnson
Rookie Scale consensus,5,Keaton Wagler,keaton wagler
Rookie Scale consensus,42,Ja'Kobi Gillespie,ja kobi gillespie
Rookie Scale consensus,72,Mark Mitchell Jr.,mark mitchell
Rookie Scale consensus,38,Richie Saunders,richie saunders
Rookie Scale consensus,36,Ryan Conwell,ryan conwell
Rookie Scale consensus,51,Nick Martinelli,nick martinelli
Rookie Scale consensus,56,Keyshawn Hall,keyshawn hall
Rookie Scale consensus,48,Tyler Nickel,tyler nickel
Rookie Scale consensus,60,Nate Bittle,nate bittle
Rookie Scale consensus,41,Ugonna Onyenso,ugonna onyenso
Rookie Scale consensus,64,Tucker DeVries,tucker devries
Rookie Scale consensus,55,Maliq Brown,maliq brown
Rookie Scale consensus,79,Graham Ike,graham ike
Rookie Scale consensus,49,Izaiyah Nelson,izaiyah nelson
Rookie Scale consensus,74,Michael Ajayi,michael ajayi
Rookie Scale consensus,70,Jaron Pierre Jr.,jaron pierre
Rookie Scale consensus,54,Tyler Bilodeau,tyler bilodeau
Rookie Scale consensus,71,Aaron Nkrumah,aaron nkrumah
Rookie Scale consensus,58,Bryce Hopkins,bryce hopkins
Rookie Scale consensus,68,Malique Lewis,malique lewis
Rookie Scale consensus,66,Quadir Copeland,quadir copeland
Rookie Scale consensus,63,Rafael Castro,rafael castro
Rookie Scale consensus,62,Trey Kaufman-Renn,trey kaufman renn
Rookie Scale consensus,50,Jack Kayil,jack kayil
Rookie Scale consensus,47,Tobi Lawal,tobi lawal
Rookie Scale consensus,76,Noam Yaacov,noam yaacov
Rookie Scale consensus,82,Pavle Bačko,pavle backo
Rookie Scale consensus,83,Seth Trimble,seth trimble
Rookie Scale consensus,84,Peter Suder,peter suder
Rookie Scale consensus,85,Elijah Mahi,elijah mahi
Rookie Scale consensus,86,Vsevolod Ishchenko,vsevolod ishchenko
Rookie Scale consensus,87,William Kyle III,william kyle
Rookie Scale consensus,88,Fletcher Loyer,fletcher loyer
Rookie Scale consensus,89,Tre White,tre white
Rookie Scale consensus,90,Josh Dix,josh dix
Rookie Scale consensus,91,Jalen Washington,jalen washington
Rookie Scale consensus,92,Donovan Atwell,donovan atwell
Rookie Scale consensus,93,Jaxon Kohler,jaxon kohler
Rookie Scale consensus,94,Melvin Council Jr.,melvin council
Rookie Scale consensus,95,Ernest Udeh Jr.,ernest udeh
Rookie Scale consensus,96,Isaac McKneely,isaac mckneely
Rookie Scale consensus,97,Kowacie Reeves Jr.,kowacie reeves
Rookie Scale consensus,98,Tre Carroll,tre carroll
Rookie Scale consensus,99,Kashie Natt,kashie natt
Rookie Scale consensus,100,Lajae Jones,lajae jones
CBS prospect rankings,1,AJ Dybantsa,aj dybantsa
CBS prospect rankings,2,Darryn Peterson,darryn peterson
CBS prospect rankings,3,Cameron Boozer,cameron boozer
CBS prospect rankings,4,Caleb Wilson,caleb wilson
CBS prospect rankings,5,Keaton Wagler,keaton wagler
CBS prospect rankings,6,Darius Acuff Jr.,darius acuff
CBS prospect rankings,7,Kingston Flemings,kingston flemings
CBS prospect rankings,8,Mikel Brown Jr.,mikel brown
CBS prospect rankings,9,Brayden Burries,brayden burries
CBS prospect rankings,10,Nate Ament,nate ament
CBS prospect rankings,11,Aday Mara,aday mara
CBS prospect rankings,12,Yaxel Lendeborg,yaxel lendeborg
CBS prospect rankings,14,Labaron Philon,labaron philon
CBS prospect rankings,16,Hannes Steinbach,hannes steinbach
CBS prospect rankings,18,Koa Peat,koa peat
CBS prospect rankings,19,Bennett Stirtz,bennett stirtz
CBS prospect rankings,22,Chris Cenac Jr.,chris cenac
CBS prospect rankings,23,Henri Veesaar,henri veesaar
CBS prospect rankings,24,Ebuka Okorie,ebuka okorie
CBS prospect rankings,25,Dailyn Swain,dailyn swain
CBS prospect rankings,27,Tarris Reed Jr.,tarris reed
CBS prospect rankings,28,Allen Graves,allen graves
CBS prospect rankings,29,Zuby Ejiofor,zuby ejiofor
CBS prospect rankings,30,Joshua Jefferson,joshua jefferson
CBS prospect rankings,31,Alex Karaban,alex karaban
CBS prospect rankings,32,Meleek Thomas,meleek thomas
CBS prospect rankings,34,Braden Smith,braden smith
CBS prospect rankings,35,Richie Saunders,richie saunders
CBS prospect rankings,36,Ryan Conwell,ryan conwell
CBS prospect rankings,37,Baba Miller,baba miller
CBS prospect rankings,38,Trevon Brazile,trevon brazile
CBS prospect rankings,40,Otega Oweh,otega oweh
CBS prospect rankings,41,Jaden Bradley,jaden bradley
CBS prospect rankings,42,Emanuel Sharp,emanuel sharp
CBS prospect rankings,43,Tyler Bilodeau,tyler bilodeau
CBS prospect rankings,44,Bruce Thornton,bruce thornton
CBS prospect rankings,45,Ja'Kobi Gillespie,ja kobi gillespie
CBS prospect rankings,46,Ugonna Onyenso,ugonna onyenso
CBS prospect rankings,47,Kylan Boswell,kylan boswell
CBS prospect rankings,48,Milos Uzan,milos uzan
CBS prospect rankings,49,Dillon Mitchell,dillon mitchell
CBS prospect rankings,50,Tyler Nickel,tyler nickel
CBS prospect rankings,51,Maliq Brown,maliq brown
CBS prospect rankings,52,Tobi Lawal,tobi lawal
CBS prospect rankings,53,Aaron Nkrumah,aaron nkrumah
CBS prospect rankings,54,Felix Okpara,felix okpara
CBS prospect rankings,55,Keyshawn Hall,keyshawn hall
CBS prospect rankings,56,Nate Bittle,nate bittle
CBS prospect rankings,57,Izaiyah Nelson,izaiyah nelson
CBS prospect rankings,58,Rafael Castro,rafael castro
CBS prospect rankings,59,Nick Boyd,nick boyd
CBS prospect rankings,60,Bryce Hopkins,bryce hopkins
CBS prospect rankings,61,Quadir Copeland,quadir copeland
CBS prospect rankings,62,Tamin Lipsey,tamin lipsey
CBS prospect rankings,63,Malik Reneau,malik reneau
CBS prospect rankings,64,Jaron Pierre Jr.,jaron pierre
CBS prospect rankings,65,Tucker DeVries,tucker devries
CBS prospect rankings,66,Peter Suder,peter suder
CBS prospect rankings,67,Cade Tyson,cade tyson
CBS prospect rankings,69,Jaden Henley,jaden henley
CBS prospect rankings,70,Nick Martinelli,nick martinelli
CBS prospect rankings,72,Lamar Wilkerson,lamar wilkerson
CBS prospect rankings,73,Darrion Williams,darrion williams
CBS prospect rankings,74,Trey Kaufman-Renn,trey kaufman renn
CBS prospect rankings,75,Tobe Awaka,tobe awaka
CBS prospect rankings,76,Ernest Udeh Jr.,ernest udeh
CBS prospect rankings,77,Graham Ike,graham ike
CBS prospect rankings,79,Elijah Mahi,elijah mahi
CBS prospect rankings,80,Seth Trimble,seth trimble
CBS prospect rankings,81,Chris Bell,chris bell
CBS prospect rankings,82,Melvin Council Jr.,melvin council
CBS prospect rankings,83,Duke Miles,duke miles
CBS prospect rankings,84,Lajae Jones,lajae jones
CBS prospect rankings,86,Jaxon Kohler,jaxon kohler
CBS prospect rankings,87,Josh Dix,josh dix
CBS prospect rankings,88,Mark Mitchell,mark mitchell
CBS prospect rankings,89,Tre Donaldson,tre donaldson
CBS prospect rankings,90,Donovan Atwell,donovan atwell
CBS prospect rankings,91,Ben Humrichous,ben humrichous
CBS prospect rankings,92,Oscar Cluff,oscar cluff
CBS prospect rankings,93,Chase Ross,chase ross
CBS prospect rankings,95,William Kyle,william kyle
CBS prospect rankings,96,Tre White,tre white
CBS prospect rankings,97,Fletcher Loyer,fletcher loyer
CBS prospect rankings,98,Xaivian Lee,xaivian lee
CBS prospect rankings,99,Nimari Burnett,nimari burnett
CBS prospect rankings,100,Isaac McKneely,isaac mckneely
CBS mock,1,AJ Dybantsa,aj dybantsa
CBS mock,2,Darryn Peterson,darryn peterson
CBS mock,3,Cameron Boozer,cameron boozer
CBS mock,4,Caleb Wilson,caleb wilson
CBS mock,5,Keaton Wagler,keaton wagler
CBS mock,6,Darius Acuff Jr.,darius acuff
CBS mock,7,Mikel Brown Jr.,mikel brown
CBS mock,8,Kingston Flemings,kingston flemings
CBS mock,9,Brayden Burries,brayden burries
CBS mock,10,Nate Ament,nate ament
CBS mock,11,Aday Mara,aday mara
CBS mock,12,Yaxel Lendeborg,yaxel lendeborg
CBS mock,13,Labaron Philon,labaron philon
CBS mock,16,Hannes Steinbach,hannes steinbach
CBS mock,18,Dailyn Swain,dailyn swain
CBS mock,21,Bennett Stirtz,bennett stirtz
CBS mock,22,Koa Peat,koa peat
CBS mock,23,Chris Cenac Jr.,chris cenac
CBS mock,24,Tarris Reed Jr.,tarris reed
CBS mock,25,Henri Veesaar,henri veesaar
CBS mock,26,Ebuka Okorie,ebuka okorie
CBS mock,27,Allen Graves,allen graves
CBS mock,29,Meleek Thomas,meleek thomas
CBS mock,30,Zuby Ejiofor,zuby ejiofor
Bleacher Report mock,1,AJ Dybantsa,aj dybantsa
Bleacher Report mock,2,Darryn Peterson,darryn peterson
Bleacher Report mock,3,Cameron Boozer,cameron boozer
Bleacher Report mock,4,Caleb Wilson,caleb wilson
Bleacher Report mock,5,Keaton Wagler,keaton wagler
Bleacher Report mock,6,Darius Acuff Jr.,darius acuff
Bleacher Report mock,7,Kingston Flemings,kingston flemings
Bleacher Report mock,8,Mikel Brown Jr.,mikel brown
Bleacher Report mock,9,Brayden Burries,brayden burries
Bleacher Report mock,10,Nate Ament,nate ament
Bleacher Report mock,11,Karim Lopez,karim lopez
Bleacher Report mock,12,Aday Mara,aday mara
Bleacher Report mock,13,Yaxel Lendeborg,yaxel lendeborg
Bleacher Report mock,14,Labaron Philon Jr.,labaron philon
Bleacher Report mock,15,Cameron Carr,cameron carr
Bleacher Report mock,16,Ebuka Okorie,ebuka okorie
Bleacher Report mock,17,Morez Johnson Jr.,morez johnson
Bleacher Report mock,18,Hannes Steinbach,hannes steinbach
Bleacher Report mock,19,Christian Anderson,christian anderson
Bleacher Report mock,20,Allen Graves,allen graves
Bleacher Report mock,21,Bennett Stirtz,bennett stirtz
Bleacher Report mock,22,Chris Cenac Jr.,chris cenac
Bleacher Report mock,23,Jayden Quaintance,jayden quaintance
Bleacher Report mock,24,Meleek Thomas,meleek thomas
Bleacher Report mock,25,Dailyn Swain,dailyn swain
Bleacher Report mock,26,Luigi Suigo,luigi suigo
Bleacher Report mock,27,Koa Peat,koa peat
Bleacher Report mock,28,Isaiah Evans,isaiah evans
Bleacher Report mock,29,Sergio de Larrea,sergio de larrea
Bleacher Report mock,30,Henri Veesaar,henri veesaar
Bleacher Report mock,31,Zuby Ejiofor,zuby ejiofor
Bleacher Report mock,32,Tarris Reed Jr.,tarris reed
Bleacher Report mock,33,Joshua Jefferson,joshua jefferson
Bleacher Report mock,34,Alex Karaban,alex karaban
Bleacher Report mock,35,Baba Miller,baba miller
Bleacher Report mock,36,Trevon Brazile,trevon brazile
Bleacher Report mock,37,Jack Kayil,jack kayil
Bleacher Report mock,38,Braden Smith,braden smith
Bleacher Report mock,39,Ugonna Onyenso,ugonna onyenso
Bleacher Report mock,40,Izaiyah Nelson,izaiyah nelson
Bleacher Report mock,41,Richie Saunders,richie saunders
Bleacher Report mock,42,Nick Martinelli,nick martinelli
Bleacher Report mock,43,Otega Oweh,otega oweh
Bleacher Report mock,44,Jaden Bradley,jaden bradley
Bleacher Report mock,45,Emanuel Sharp,emanuel sharp
Bleacher Report mock,46,Ryan Conwell,ryan conwell
Bleacher Report mock,47,Ja'Kobi Gillespie,ja kobi gillespie
Bleacher Report mock,48,Aaron Nkrumah,aaron nkrumah
Bleacher Report mock,49,Tobi Lawal,tobi lawal
Bleacher Report mock,50,Dillon Mitchell,dillon mitchell
Bleacher Report mock,51,Milos Uzan,milos uzan
Bleacher Report mock,52,Kylan Boswell,kylan boswell
Bleacher Report mock,53,Wyatt Fricks,wyatt fricks
Bleacher Report mock,54,Duke Miles,duke miles
Bleacher Report mock,55,Felix Okpara,felix okpara
Bleacher Report mock,56,Maliq Brown,maliq brown
Bleacher Report mock,57,Bruce Thornton,bruce thornton
Bleacher Report mock,58,Rafael Castro,rafael castro
Bleacher Report mock,59,Keyshawn Hall,keyshawn hall
Bleacher Report mock,60,Trey Kaufman-Renn,trey kaufman renn
Yahoo/KOC big board,1,Cameron Boozer,cameron boozer
Yahoo/KOC big board,2,AJ Dybantsa,aj dybantsa
Yahoo/KOC big board,3,Darryn Peterson,darryn peterson
Yahoo/KOC big board,4,Caleb Wilson,caleb wilson
Yahoo/KOC big board,5,Mikel Brown Jr.,mikel brown
Yahoo/KOC big board,6,Keaton Wagler,keaton wagler
Yahoo/KOC big board,7,Darius Acuff Jr.,darius acuff
Yahoo/KOC big board,8,Brayden Burries,brayden burries
Yahoo/KOC big board,9,Aday Mara,aday mara
Yahoo/KOC big board,10,Nate Ament,nate ament
The Ringer big board,1,AJ Dybantsa,aj dybantsa
The Ringer big board,2,Darryn Peterson,darryn peterson
The Ringer big board,3,Cam Boozer,cameron boozer
The Ringer big board,4,Caleb Wilson,caleb wilson
The Ringer big board,5,Keaton Wagler,keaton wagler
The Ringer big board,6,Brayden Burries,brayden burries
The Ringer big board,7,Darius Acuff Jr.,darius acuff
The Ringer big board,8,Yaxel Lendeborg,yaxel lendeborg
The Ringer big board,9,Labaron Philon Jr.,labaron philon
The Ringer big board,10,Mikel Brown Jr.,mikel brown
The Ringer big board,11,Kingston Flemings,kingston flemings
The Ringer big board,12,Jayden Quaintance,jayden quaintance
The Ringer big board,13,Dailyn Swain,dailyn swain
The Ringer big board,14,Aday Mara,aday mara
The Ringer big board,15,Cameron Carr,cameron carr
The Ringer big board,16,Bennett Stirtz,bennett stirtz
The Ringer big board,17,Henri Veesaar,henri veesaar
The Ringer big board,18,Allen Graves,allen graves
The Ringer big board,19,Nate Ament,nate ament
The Ringer big board,20,Joshua Jefferson,joshua jefferson
The Ringer big board,21,Hannes Steinbach,hannes steinbach
The Ringer big board,22,Ebuka Okorie,ebuka okorie
The Ringer big board,23,Morez Johnson,morez johnson
The Ringer big board,24,Isaiah Evans,isaiah evans
The Ringer big board,25,Meleek Thomas,meleek thomas
The Ringer big board,26,Koa Peat,koa peat
The Ringer big board,27,Karim Lopez,karim lopez
The Ringer big board,28,Christian Anderson,christian anderson
The Ringer big board,29,Luigi Suigo,luigi suigo
The Ringer big board,30,Tarris Reed Jr.,tarris reed
NBA Draft Room big board,1,AJ Dybantsa,aj dybantsa
NBA Draft Room big board,2,Darryn Peterson,darryn peterson
NBA Draft Room big board,3,Caleb Wilson,caleb wilson
NBA Draft Room big board,4,Cameron Boozer,cameron boozer
NBA Draft Room big board,5,Kingston Flemings,kingston flemings
NBA Draft Room big board,6,Darius Acuff Jr.,darius acuff
NBA Draft Room big board,7,Mikel Brown Jr.,mikel brown
NBA Draft Room big board,8,Keaton Wagler,keaton wagler
NBA Draft Room big board,9,Brayden Burries,brayden burries
NBA Draft Room big board,10,Hannes Steinbach,hannes steinbach
NBA Draft Room big board,11,Aday Mara,aday mara
NBA Draft Room big board,12,Labaron Philon,labaron philon
NBA Draft Room big board,13,Karim Lopez,karim lopez
NBA Draft Room big board,14,Morez Johnson Jr.,morez johnson
NBA Draft Room big board,15,Chris Cenac Jr.,chris cenac
NBA Draft Room big board,16,Cameron Carr,cameron carr
NBA Draft Room big board,17,Nate Ament,nate ament
NBA Draft Room big board,18,Allen Graves,allen graves
NBA Draft Room big board,19,Dailyn Swain,dailyn swain
NBA Draft Room big board,20,Tarris Reed Jr.,tarris reed
NBA Draft Room big board,21,Ebuka Okorie,ebuka okorie
NBA Draft Room big board,22,Henri Veesaar,henri veesaar
NBA Draft Room big board,23,Bennett Stirtz,bennett stirtz
NBA Draft Room big board,24,Luigi Suigo,luigi suigo
NBA Draft Room big board,25,Koa Peat,koa peat
NBA Draft Room big board,26,Meleek Thomas,meleek thomas
NBA Draft Room big board,27,Christian Anderson,christian anderson
NBA Draft Room big board,28,Jayden Quaintance,jayden quaintance
NBA Draft Room big board,29,Zuby Ejiofor,zuby ejiofor
NBA Draft Room big board,30,Pavle Bačko,pavle backo
NBA Draft Room big board,31,Jaden Bradley,jaden bradley
NBA Draft Room big board,32,Joshua Jefferson,joshua jefferson
NBA Draft Room big board,33,Isaiah Evans,isaiah evans
NBA Draft Room big board,34,Alex Karaban,alex karaban
NBA Draft Room big board,35,Trevon Brazile,trevon brazile
NBA Draft Room big board,36,Ryan Conwell,ryan conwell
NBA Draft Room big board,37,Jack Kayil,jack kayil
NBA Draft Room big board,38,Keyshawn Hall,keyshawn hall
NBA Draft Room big board,39,Baba Miller,baba miller
NBA Draft Room big board,40,Ja’kobi Gillespie,jakobi gillespie
NBA Draft Room big board,41,Dillon Mitchell –,dillon mitchell
NBA Draft Room big board,42,Tyler Bilodeau,tyler bilodeau
NBA Draft Room big board,43,Quadir Copeland,quadir copeland
NBA Draft Room big board,44,Otega Oweh,otega oweh
NBA Draft Room big board,45,Fletcher Loyer,fletcher loyer
NBA Draft Room big board,46,Aaron Nkrumah,aaron nkrumah
NBA Draft Room big board,47,Trey Kaufman-Renn,trey kaufman renn
NBA Draft Room big board,48,Richie Saunders,richie saunders
NBA Draft Room big board,49,Braden Smith,braden smith
NBA Draft Room big board,50,Nick Martinelli,nick martinelli
NBA Draft Room big board,51,Lamar Wilkerson,lamar wilkerson
NBA Draft Room big board,52,Melvin Council Jr. –,melvin council
NBA Draft Room big board,53,Sergio de Larrea,sergio de larrea
NBA Draft Room big board,54,Tobi Lawal,tobi lawal
NBA Draft Room big board,55,Izaiyah Nelson,izaiyah nelson
NBA Draft Room big board,56,Emanuel Sharpe,emanuel sharpe
NBA Draft Room big board,57,Felix Okpara,felix okpara
NBA Draft Room big board,58,Bruce Thornton,bruce thornton
NBA Draft Room big board,59,Bryce Hopkins,bryce hopkins
NBA Draft Room big board,60,Seth Trimble,seth trimble
NBA Draft Room big board,61,Tyler Nickel,tyler nickel
NBA Draft Room big board,62,Ugonna Onyenso,ugonna onyenso
NBA Draft Room big board,63,Milos Uzan,milos uzan
NBA Draft Room big board,64,Jaxon Kohler,jaxon kohler
NBA Draft Room big board,65,Malik Reneau –,malik reneau
NBA Draft Room big board,66,Nick Boyd –,nick boyd
NBA Draft Room big board,67,Malique Lewis,malique lewis
NBA Draft Room big board,68,Tobe Awaka –,tobe awaka
NBA Draft Room big board,69,Kylan Boswell,kylan boswell
NBA Draft Room big board,70,Maliq Brown,maliq brown
