rank,name_tankathon,position,team_school,height_listed,height_in,weight_lbs,class,age,pts_pg,reb_pg,ast_pg,blk_pg,stl_pg,pts_per36,reb_per36,ast_per36,blk_per36,stl_per36,ts_pct,usg,obpm,dbpm,bpm,source,norm_name,name,sources_count,consensus_mean,consensus_median,consensus_std,consensus_min,consensus_max,sources,rank_tankathon,rank_rookie_scale_consensus,rank_cbs_prospect_rankings,rank_bleacher_report_mock,rank_nba_draft_room_big_board,rank_tankathon_mock,rank_cbs_mock,rank_yahoo_koc_big_board,rank_the_ringer_big_board,cbs_mpg,cbs_ppg,cbs_rpg,cbs_apg,cbs_fg_pct,name_combine,height_listed_combine,height_in_combine,weight_lbs_combine,sources_combine,wingspan_listed,wingspan_in,height_wo_shoes,height_wo_shoes_in,standing_reach,standing_reach_in,display_name
1.0,Cameron Boozer,PF,Duke,"6'9.5""",81.5,253.0,Freshman,18.9,22.5,10.2,4.1,0.6,1.4,24.2,11.0,4.4,0.7,1.5,0.653,29.9,12.7,6.0,18.7,Tankathon,cameron boozer,Cameron Boozer,9,2.6666666666666665,3.0,0.9428090415820634,1,4,Bleacher Report mock;CBS mock;CBS prospect rankings;NBA Draft Room big board;Rookie Scale consensus;Tankathon;Tankathon mock;The Ringer big board;Yahoo/KOC big board,1.0,3.0,3.0,3.0,4.0,3.0,3.0,1.0,3.0,33.5,22.5,10.2,4.1,55.6,Cameron Boozer,"6'9.5""",81.5,253.0,NBA Draft Room mock;On3 combine measurements;Tankathon;Yahoo/KOC big board,7-1 1/2,85.5,6’8.25″,80.25,9’0″,108.0,Cameron Boozer
2.0,Darryn Peterson,SG/PG,Kansas,"6'5.75""",77.75,199.0,Freshman,19.4,20.2,4.2,1.6,0.6,1.4,25.0,5.2,2.0,0.8,1.8,0.578,33.5,9.3,4.8,14.1,Tankathon,darryn peterson,Darryn Peterson,9,2.111111111111111,2.0,0.3142696805273545,2,3,Bleacher Report mock;CBS mock;CBS prospect rankings;NBA Draft Room big board;Rookie Scale consensus;Tankathon;Tankathon mock;The Ringer big board;Yahoo/KOC big board,2.0,2.0,2.0,2.0,2.0,2.0,2.0,3.0,2.0,29.0,20.2,4.2,1.6,43.8,Darryn Peterson,"6'5.75""",77.75,199.0,NBA Draft Room mock;On3 combine measurements;Tankathon;Yahoo/KOC big board,6-9 3/4,81.75,6’4.5″,76.5,8’7″,103.0,Darryn Peterson
3.0,AJ Dybantsa,SF,BYU,"6'9.75""",81.75,217.0,Freshman,19.4,25.5,6.8,3.7,0.3,1.1,26.4,7.1,3.8,0.4,1.1,0.6,33.9,9.5,2.2,11.7,Tankathon,aj dybantsa,AJ Dybantsa,9,1.3333333333333333,1.0,0.6666666666666667,1,3,Bleacher Report mock;CBS mock;CBS prospect rankings;NBA Draft Room big board;Rookie Scale consensus;Tankathon;Tankathon mock;The Ringer big board;Yahoo/KOC big board,3.0,1.0,1.0,1.0,1.0,1.0,1.0,2.0,1.0,34.8,25.5,6.8,3.7,51.0,AJ Dybantsa,"6'9.75""",81.75,217.0,NBA Draft Room mock;On3 combine measurements;Tankathon;Yahoo/KOC big board,7-0 1/4,84.25,6’8.5″,80.5,8’10”,106.0,AJ Dybantsa
4.0,Caleb Wilson,SF/PF,North Carolina,"6'10.5""",82.5,211.0,Freshman,19.9,19.8,9.4,2.7,1.4,1.5,22.8,10.8,3.1,1.6,1.7,0.626,28.7,8.7,5.3,14.0,Tankathon,caleb wilson,Caleb Wilson,9,3.888888888888889,4.0,0.3142696805273545,3,4,Bleacher Report mock;CBS mock;CBS prospect rankings;NBA Draft Room big board;Rookie Scale consensus;Tankathon;Tankathon mock;The Ringer big board;Yahoo/KOC big board,4.0,4.0,4.0,4.0,3.0,4.0,4.0,4.0,4.0,31.2,19.8,9.4,2.7,57.8,Caleb Wilson,"6'10.5""",82.5,211.0,NBA Draft Room mock;On3 combine measurements;Tankathon;Yahoo/KOC big board,7-0 1/4,84.25,6’9.25″,81.25,9’0″,108.0,Caleb Wilson
5.0,Keaton Wagler,SG/PG,Illinois,"6'6.25""",78.25,188.0,Freshman,19.4,17.9,5.1,4.2,0.4,0.9,19.0,5.4,4.5,0.4,1.0,0.596,25.2,8.8,3.5,12.3,Tankathon,keaton wagler,Keaton Wagler,9,5.444444444444445,5.0,0.9558139185602919,5,8,Bleacher Report mock;CBS mock;CBS prospect rankings;NBA Draft Room big board;Rookie Scale consensus;Tankathon;Tankathon mock;The Ringer big board;Yahoo/KOC big board,5.0,5.0,5.0,5.0,8.0,5.0,5.0,6.0,5.0,33.9,17.9,5.1,4.2,44.5,Keaton Wagler,"6'6.25""",78.25,188.0,NBA Draft Room mock;On3 combine measurements;Tankathon;Yahoo/KOC big board,6-6 1/4,78.25,6’5″,77.0,8’4″,100.0,Keaton Wagler
6.0,Darius Acuff Jr.,PG,Arkansas,"6'3.25""",75.25,186.0,Freshman,19.6,23.5,3.1,6.4,0.3,0.8,24.1,3.2,6.6,0.3,0.9,0.604,29.5,9.4,0.7,10.1,Tankathon,darius acuff,Darius Acuff Jr.,9,6.222222222222222,6.0,0.41573970964154905,6,7,Bleacher Report mock;CBS mock;CBS prospect rankings;NBA Draft Room big board;Rookie Scale consensus;Tankathon;Tankathon mock;The Ringer big board;Yahoo/KOC big board,6.0,6.0,6.0,6.0,6.0,6.0,6.0,7.0,7.0,35.2,23.5,3.1,6.4,48.4,Darius Acuff Jr.,"6'3.25""",75.25,186.0,NBA Draft Room mock;Tankathon;Yahoo/KOC big board,6-7,79.0,,,,,Darius Acuff Jr.
7.0,Kingston Flemings,PG,Houston,"6'3.75""",75.75,183.0,Freshman,19.5,16.1,4.1,5.2,0.3,1.5,18.2,4.6,5.9,0.4,1.7,0.563,26.0,6.6,6.0,12.6,Tankathon,kingston flemings,Kingston Flemings,8,7.5,7.0,1.5811388300841898,5,11,Bleacher Report mock;CBS mock;CBS prospect rankings;NBA Draft Room big board;Rookie Scale consensus;Tankathon;Tankathon mock;The Ringer big board,7.0,8.0,7.0,7.0,5.0,7.0,8.0,,11.0,31.7,16.1,4.1,5.2,47.6,Kingston Flemings,"6'3.75""",75.75,183.0,NBA Draft Room mock;On3 combine measurements;Tankathon,6-3 1/2,75.5,6’2.5″,74.5,8’2.5″,98.5,Kingston Flemings
8.0,Brayden Burries,SG/PG,Arizona,"6'5""",77.0,215.0,Freshman,20.8,16.1,4.9,2.4,0.2,1.5,19.4,5.9,2.9,0.2,1.8,0.616,23.2,6.0,5.7,11.7,Tankathon,brayden burries,Brayden Burries,9,8.555555555555555,9.0,1.0657403385139377,6,10,Bleacher Report mock;CBS mock;CBS prospect rankings;NBA Draft Room big board;Rookie Scale consensus;Tankathon;Tankathon mock;The Ringer big board;Yahoo/KOC big board,8.0,10.0,9.0,9.0,9.0,9.0,9.0,8.0,6.0,29.9,16.1,4.9,2.4,49.1,Brayden Burries,"6'5""",77.0,215.0,NBA Draft Room mock;Tankathon;Yahoo/KOC big board,6-6,78.0,,,,,Brayden Burries
9.0,Mikel Brown Jr.,PG,Louisville,"6'4.75""",76.75,190.0,Freshman,20.2,18.2,3.3,4.7,0.1,1.2,22.4,4.1,5.8,0.2,1.5,0.577,31.4,4.9,1.7,6.6,Tankathon,mikel brown,Mikel Brown Jr.,9,7.888888888888889,8.0,1.5234788000891208,5,10,Bleacher Report mock;CBS mock;CBS prospect rankings;NBA Draft Room big board;Rookie Scale consensus;Tankathon;Tankathon mock;The Ringer big board;Yahoo/KOC big board,9.0,7.0,8.0,8.0,7.0,10.0,7.0,5.0,10.0,29.0,18.2,3.3,4.7,41.0,Mikel Brown Jr.,"6'4.75""",76.75,190.0,NBA Draft Room mock;On3 combine measurements;Tankathon;Yahoo/KOC big board,6-7 1/2,79.5,6’3.5″,75.5,8’4.5″,100.5,Mikel Brown Jr.
10.0,Nate Ament,SF,Tennessee,"6'10.75""",82.75,211.0,Freshman,19.5,16.7,6.3,2.3,0.6,1.0,20.2,7.7,2.8,0.8,1.2,0.534,29.0,5.1,3.3,8.4,Tankathon,nate ament,Nate Ament,9,11.777777777777779,10.0,3.392075004994166,9,19,Bleacher Report mock;CBS mock;CBS prospect rankings;NBA Draft Room big board;Rookie Scale consensus;Tankathon;Tankathon mock;The Ringer big board;Yahoo/KOC big board,10.0,9.0,10.0,10.0,17.0,11.0,10.0,10.0,19.0,29.7,16.7,6.3,2.3,39.9,Nate Ament,"6'10.75""",82.75,211.0,NBA Draft Room mock;On3 combine measurements;Tankathon;Yahoo/KOC big board,6-11 1/2,83.5,6’9.5″,81.5,9’1.5″,109.5,Nate Ament
11.0,Labaron Philon Jr.,PG,Alabama,"6'3.75""",75.75,176.0,Sophomore,20.6,22.0,3.5,5.0,0.2,1.2,25.6,4.1,5.8,0.2,1.3,0.626,30.0,9.2,2.1,11.3,Tankathon,labaron philon,Labaron Philon Jr.,8,12.5,13.0,1.6583123951777,9,14,Bleacher Report mock;CBS mock;CBS prospect rankings;NBA Draft Room big board;Rookie Scale consensus;Tankathon;Tankathon mock;The Ringer big board,11.0,14.0,14.0,14.0,12.0,13.0,13.0,,9.0,30.9,22.0,3.5,5.0,50.1,Labaron Philon Jr.,"6'3.75""",75.75,176.0,NBA Draft Room mock;Tankathon,6-6 1/4,78.25,,,,,Labaron Philon Jr.
12.0,Yaxel Lendeborg,PF,Michigan,"6'10""",82.0,241.0,Senior,23.7,15.1,6.8,3.2,1.2,1.1,18.0,8.1,3.9,1.5,1.3,0.646,20.4,9.8,6.9,16.7,Tankathon,yaxel lendeborg,Yaxel Lendeborg,7,11.571428571428571,12.0,1.498298354528788,8,13,Bleacher Report mock;CBS mock;CBS prospect rankings;Rookie Scale consensus;Tankathon;Tankathon mock;The Ringer big board,12.0,12.0,12.0,13.0,,12.0,12.0,,8.0,30.2,15.1,6.8,3.2,51.5,Yaxel Lendeborg,"6'10""",82.0,241.0,NBA Draft Room mock;Tankathon,7-3 1/4,87.25,,,,,Yaxel Lendeborg
13.0,Karim López,SF,New Zealand,"6'9.5""",81.5,222.0,International,19.2,11.9,6.1,1.9,1.0,1.2,16.8,8.5,2.7,1.5,1.6,0.58,19.5,,,,Tankathon,karim lopez,Karim López,6,15.166666666666666,13.0,5.367080729368206,11,27,Bleacher Report mock;NBA Draft Room big board;Rookie Scale consensus;Tankathon;Tankathon mock;The Ringer big board,13.0,13.0,,11.0,13.0,14.0,,,27.0,,,,,,Karim López,"6'9.5""",81.5,222.0,NBA Draft Room mock;Tankathon,6-11 1/2,83.5,,,,,Karim López
14.0,Cameron Carr,SG,Baylor,"6'5.75""",77.75,184.0,Sophomore,21.6,18.9,5.8,2.6,1.3,0.9,20.2,6.2,2.8,1.4,0.9,0.622,25.3,6.9,2.3,9.2,Tankathon,cameron carr,Cameron Carr,6,15.5,15.0,1.2583057392117916,14,18,Bleacher Report mock;NBA Draft Room big board;Rookie Scale consensus;Tankathon;Tankathon mock;The Ringer big board,14.0,18.0,,15.0,16.0,15.0,,,15.0,,,,,,Cameron Carr,"6'5.75""",77.75,184.0,NBA Draft Room mock;Tankathon,7-0 3/4,84.75,,,,,Cameron Carr
15.0,Hannes Steinbach,PF,Washington,"6'11.5""",83.5,248.0,Freshman,20.1,18.5,11.8,1.6,1.2,1.1,19.3,12.2,1.6,1.3,1.1,0.636,23.9,7.7,2.4,10.1,Tankathon,hannes steinbach,Hannes Steinbach,8,16.125,16.0,2.9764702249476644,10,21,Bleacher Report mock;CBS mock;CBS prospect rankings;NBA Draft Room big board;Rookie Scale consensus;Tankathon;Tankathon mock;The Ringer big board,15.0,15.0,16.0,18.0,10.0,18.0,16.0,,21.0,34.6,18.5,11.8,1.6,57.7,Hannes Steinbach,"6'11.5""",83.5,248.0,NBA Draft Room mock;On3 combine measurements;Tankathon,7-2 1/4,86.25,6’10.25″,82.25,9’0″,108.0,Hannes Steinbach
16.0,Chris Cenac Jr.,PF/C,Houston,"6'11.5""",83.5,240.0,Freshman,19.4,9.5,7.9,0.7,0.5,0.8,13.8,11.4,1.1,0.7,1.1,0.546,19.9,3.7,3.8,7.5,Tankathon,chris cenac,Chris Cenac Jr.,7,19.857142857142858,21.0,2.8996833043120627,15,23,Bleacher Report mock;CBS mock;CBS prospect rankings;NBA Draft Room big board;Rookie Scale consensus;Tankathon;Tankathon mock,16.0,21.0,22.0,22.0,15.0,20.0,23.0,,,24.8,9.5,7.9,0.7,48.5,Chris Cenac Jr.,"6'11.5""",83.5,240.0,NBA Draft Room mock;On3 combine measurements;Tankathon,7-5,89.0,6’10.25″,82.25,9’0.5″,108.5,Chris Cenac Jr.
17.0,Morez Johnson Jr.,PF,Michigan,"6'10.25""",82.25,251.0,Sophomore,20.4,13.1,7.3,1.2,1.1,0.7,18.8,10.5,1.7,1.6,1.0,0.677,21.3,6.4,5.4,11.8,Tankathon,morez johnson,Morez Johnson Jr.,6,18.166666666666668,17.0,3.2360813064912666,14,23,Bleacher Report mock;NBA Draft Room big board;Rookie Scale consensus;Tankathon;Tankathon mock;The Ringer big board,17.0,16.0,,17.0,14.0,22.0,,,23.0,,,,,,Morez Johnson Jr.,"6'10.25""",82.25,251.0,NBA Draft Room mock;Tankathon,7-3 1/2,87.5,,,,,Morez Johnson Jr.
18.0,Aday Mara,C,Michigan,"7'4.25""",88.25,260.0,Junior,21.2,12.1,6.8,2.4,2.6,0.4,18.6,10.4,3.7,4.0,0.5,0.659,23.1,5.8,8.4,14.3,Tankathon,aday mara,Aday Mara,9,11.666666666666666,11.0,2.748737083745107,8,18,Bleacher Report mock;CBS mock;CBS prospect rankings;NBA Draft Room big board;Rookie Scale consensus;Tankathon;Tankathon mock;The Ringer big board;Yahoo/KOC big board,18.0,11.0,11.0,12.0,11.0,8.0,11.0,9.0,14.0,23.5,12.1,6.8,2.4,66.8,Aday Mara,"7'4.25""",88.25,260.0,NBA Draft Room mock;On3 combine measurements;Tankathon;Yahoo/KOC big board,7-6,90.0,7’3″,87.0,9’9″,117.0,Aday Mara
19.0,Jayden Quaintance,PF/C,Kentucky,"6'10.25""",82.25,253.0,Sophomore,18.9,5.0,5.0,0.5,0.8,0.5,10.7,10.7,1.1,1.6,1.1,0.496,19.2,0.0,1.8,1.9,Tankathon,jayden quaintance,Jayden Quaintance,6,19.166666666666668,18.0,5.145116346811044,12,28,Bleacher Report mock;NBA Draft Room big board;Rookie Scale consensus;Tankathon;Tankathon mock;The Ringer big board,19.0,17.0,,23.0,28.0,16.0,,,12.0,,,,,,Jayden Quaintance,"6'10.25""",82.25,253.0,NBA Draft Room mock;On3 combine measurements;Tankathon,7-5 1/4,89.25,6’9″,81.0,9’1″,109.0,Jayden Quaintance
20.0,Bennett Stirtz,PG,Iowa,"6'3.75""",75.75,186.0,Senior,22.7,19.8,2.6,4.4,0.2,1.4,18.9,2.5,4.2,0.2,1.3,0.607,26.9,7.7,2.5,10.2,Tankathon,bennett stirtz,Bennett Stirtz,8,19.75,19.5,1.920286436967152,16,23,Bleacher Report mock;CBS mock;CBS prospect rankings;NBA Draft Room big board;Rookie Scale consensus;Tankathon;Tankathon mock;The Ringer big board,20.0,19.0,19.0,21.0,23.0,19.0,21.0,,16.0,37.8,19.8,2.6,4.4,47.7,Bennett Stirtz,"6'3.75""",75.75,186.0,NBA Draft Room mock;On3 combine measurements;Tankathon,6-6 –,78.0,6’2.5″,74.5,8’2.5″,98.5,Bennett Stirtz
21.0,Dailyn Swain,SG/SF,Texas,"6'7.75""",79.75,211.0,Junior,20.9,17.3,7.5,3.6,0.3,1.6,19.0,8.3,3.9,0.3,1.8,0.636,24.6,6.9,3.6,10.5,Tankathon,dailyn swain,Dailyn Swain,8,20.0,20.0,3.840572873934304,13,25,Bleacher Report mock;CBS mock;CBS prospect rankings;NBA Draft Room big board;Rookie Scale consensus;Tankathon;Tankathon mock;The Ringer big board,21.0,22.0,25.0,25.0,19.0,17.0,18.0,,13.0,32.7,17.3,7.5,3.6,54.2,Dailyn Swain,"6'7.75""",79.75,211.0,NBA Draft Room mock;Tankathon,6-10,82.0,,,,,Dailyn Swain
22.0,Christian Anderson,PG,Texas Tech,"6'2.25""",74.25,180.0,Sophomore,20.2,18.5,3.6,7.4,0.2,1.5,17.4,3.4,6.9,0.2,1.4,0.626,23.8,7.1,2.3,9.4,Tankathon,christian anderson,Christian Anderson,6,22.833333333333332,21.5,3.435921354681384,19,28,Bleacher Report mock;NBA Draft Room big board;Rookie Scale consensus;Tankathon;Tankathon mock;The Ringer big board,22.0,20.0,,19.0,27.0,21.0,,,28.0,,,,,,Christian Anderson,"6'2.25""",74.25,180.0,NBA Draft Room mock;On3 combine measurements;Tankathon,6-6 1/4 –,78.25,6’0.75″,72.75,8’0.5″,96.5,Christian Anderson
23.0,Allen Graves,PF,Santa Clara,"6'9""",81.0,226.0,Freshman,19.9,11.8,6.5,1.8,0.9,1.9,18.8,10.4,2.9,1.5,3.0,0.613,21.9,8.7,4.7,13.4,Tankathon,allen graves,Allen Graves,8,22.625,23.0,3.5333235062756425,18,28,Bleacher Report mock;CBS mock;CBS prospect rankings;NBA Draft Room big board;Rookie Scale consensus;Tankathon;Tankathon mock;The Ringer big board,23.0,23.0,28.0,20.0,18.0,24.0,27.0,,18.0,22.6,11.8,6.5,1.8,51.2,Allen Graves,"6'9""",81.0,226.0,Tankathon,,,,,,,Allen Graves
24.0,Ebuka Okorie,PG,Stanford,"6'2.5""",74.5,186.0,Freshman,19.2,23.2,3.6,3.6,0.3,1.6,23.8,3.7,3.7,0.3,1.6,0.589,31.0,8.4,2.2,10.6,Tankathon,ebuka okorie,Ebuka Okorie,8,22.5,23.5,2.8284271247461903,16,26,Bleacher Report mock;CBS mock;CBS prospect rankings;NBA Draft Room big board;Rookie Scale consensus;Tankathon;Tankathon mock;The Ringer big board,24.0,24.0,24.0,16.0,21.0,23.0,26.0,,22.0,35.0,23.2,3.6,3.6,46.5,Ebuka Okorie,"6'2.5""",74.5,186.0,NBA Draft Room mock;Tankathon,6-7 3/4 –,79.75,,,,,Ebuka Okorie
25.0,Koa Peat,PF,Arizona,"6'8.25""",80.25,245.0,Freshman,19.4,14.1,5.6,2.6,0.7,0.6,18.3,7.3,3.3,0.9,0.8,0.557,24.5,4.8,3.9,8.8,Tankathon,koa peat,Koa Peat,8,24.375,25.0,2.8256636388643286,18,27,Bleacher Report mock;CBS mock;CBS prospect rankings;NBA Draft Room big board;Rookie Scale consensus;Tankathon;Tankathon mock;The Ringer big board,25.0,25.0,18.0,27.0,25.0,27.0,22.0,,26.0,27.8,14.1,5.6,2.6,52.8,Koa Peat,"6'8.25""",80.25,245.0,NBA Draft Room mock;Tankathon,6-11 1/4,83.25,,,,,Koa Peat
26.0,Isaiah Evans,SF,Duke,"6'6.75""",78.75,186.0,Sophomore,20.5,15.0,3.2,1.3,0.7,0.7,19.2,4.1,1.6,0.8,0.9,0.59,24.9,6.5,3.3,9.8,Tankathon,isaiah evans,Isaiah Evans,6,27.166666666666668,26.0,2.852873794770615,24,33,Bleacher Report mock;NBA Draft Room big board;Rookie Scale consensus;Tankathon;Tankathon mock;The Ringer big board,26.0,26.0,,28.0,33.0,26.0,,,24.0,,,,,,Isaiah Evans,"6'6.75""",78.75,186.0,Tankathon,,,,,,,Isaiah Evans
27.0,Joshua Jefferson,PF/SF,Iowa State,"6'9""",81.0,246.0,Senior,22.6,16.4,7.4,4.8,0.8,1.6,19.1,8.6,5.6,1.0,1.9,0.56,27.6,7.0,6.1,13.0,Tankathon,joshua jefferson,Joshua Jefferson,7,29.142857142857142,30.0,4.15515416349971,20,33,Bleacher Report mock;CBS prospect rankings;NBA Draft Room big board;Rookie Scale consensus;Tankathon;Tankathon mock;The Ringer big board,27.0,32.0,30.0,33.0,32.0,30.0,,,20.0,30.8,16.4,7.4,4.8,47.1,Joshua Jefferson,"6'9""",81.0,246.0,Tankathon,,,,,,,Joshua Jefferson
28.0,Meleek Thomas,SG/PG,Arkansas,"6'4.25""",76.25,190.0,Freshman,19.9,15.6,3.8,2.5,0.2,1.5,18.5,4.5,2.9,0.2,1.8,0.559,23.6,4.8,2.3,7.0,Tankathon,meleek thomas,Meleek Thomas,8,27.5,28.0,2.345207879911715,24,32,Bleacher Report mock;CBS mock;CBS prospect rankings;NBA Draft Room big board;Rookie Scale consensus;Tankathon;Tankathon mock;The Ringer big board,28.0,28.0,32.0,24.0,26.0,28.0,29.0,,25.0,30.5,15.6,3.8,2.5,43.3,Meleek Thomas,"6'4.25""",76.25,190.0,Tankathon,,,,,,,Meleek Thomas
29.0,Henri Veesaar,C,North Carolina,"7'0.5""",84.5,227.0,Junior,22.2,17.0,8.7,2.1,1.2,0.6,19.5,10.0,2.4,1.4,0.7,0.664,23.3,7.0,3.8,10.7,Tankathon,henri veesaar,Henri Veesaar,8,24.75,25.0,3.897114317029974,17,30,Bleacher Report mock;CBS mock;CBS prospect rankings;NBA Draft Room big board;Rookie Scale consensus;Tankathon;Tankathon mock;The Ringer big board,29.0,27.0,23.0,30.0,22.0,25.0,25.0,,17.0,31.3,17.0,8.7,2.1,60.8,Henri Veesaar,"7'0.5""",84.5,227.0,Tankathon,,,,,,,Henri Veesaar
30.0,Tarris Reed Jr.,C,UConn,"6'11""",83.0,264.0,Senior,22.9,14.7,9.0,2.3,2.0,0.9,19.4,11.8,3.0,2.6,1.2,0.614,26.1,6.7,6.1,12.9,Tankathon,tarris reed,Tarris Reed Jr.,8,28.125,30.0,3.9191038516477206,20,32,Bleacher Report mock;CBS mock;CBS prospect rankings;NBA Draft Room big board;Rookie Scale consensus;Tankathon;Tankathon mock;The Ringer big board,30.0,31.0,27.0,32.0,20.0,31.0,24.0,,30.0,27.3,14.7,9.0,2.3,60.7,Tarris Reed Jr.,"6'11""",83.0,264.0,NBA Draft Room mock;Tankathon,7-4 1/4,88.25,,,,,Tarris Reed Jr.
31.0,Sergio de Larrea,PG/SG,Valencia,"6'6""",78.0,198.0,International,20.5,7.1,2.2,2.8,0.2,0.5,17.7,5.3,7.0,0.6,1.1,0.596,22.2,,,,Tankathon,sergio de larrea,Sergio de Larrea,5,37.2,33.0,8.726969691708572,29,53,Bleacher Report mock;NBA Draft Room big board;Rookie Scale consensus;Tankathon;Tankathon mock,31.0,33.0,,29.0,53.0,40.0,,,,,,,,,Sergio de Larrea,"6'6""",78.0,198.0,Tankathon,,,,,,,Sergio de Larrea
32.0,Alex Karaban,SF/PF,UConn,"6'8""",80.0,225.0,Senior,23.6,13.2,5.3,2.4,0.8,0.8,13.8,5.5,2.5,0.9,0.9,0.59,18.4,5.4,3.6,9.0,Tankathon,alex karaban,Alex Karaban,6,31.5,31.5,2.0615528128088303,29,34,Bleacher Report mock;CBS prospect rankings;NBA Draft Room big board;Rookie Scale consensus;Tankathon;Tankathon mock,32.0,29.0,31.0,34.0,34.0,29.0,,,,34.4,13.2,5.3,2.4,46.4,Alex Karaban,"6'8""",80.0,225.0,Tankathon,,,,,,,Alex Karaban
33.0,Zuby Ejiofor,PF,St. John's,"6'8.75""",80.75,245.0,Senior,22.2,16.3,7.3,3.5,2.1,1.2,19.6,8.8,4.3,2.6,1.4,0.609,24.8,8.5,6.0,14.5,Tankathon,zuby ejiofor,Zuby Ejiofor,7,30.714285714285715,30.0,1.577908716741037,29,33,Bleacher Report mock;CBS mock;CBS prospect rankings;NBA Draft Room big board;Rookie Scale consensus;Tankathon;Tankathon mock,33.0,30.0,29.0,31.0,29.0,33.0,30.0,,,29.9,16.3,7.3,3.5,53.6,Zuby Ejiofor,"6'8.75""",80.75,245.0,NBA Draft Room mock;Tankathon,7-2,86.0,,,,,Zuby Ejiofor
34.0,Luigi Suigo,C,KK Mega Basket,"7'4""",88.0,289.0,International,19.4,8.5,5.3,0.9,1.0,0.5,16.9,10.6,1.7,2.0,0.9,0.607,19.0,,,,Tankathon,luigi suigo,Luigi Suigo,6,30.333333333333332,31.5,4.268749491621899,24,35,Bleacher Report mock;NBA Draft Room big board;Rookie Scale consensus;Tankathon;Tankathon mock;The Ringer big board,34.0,35.0,,26.0,24.0,34.0,,,29.0,,,,,,Luigi Suigo,"7'4""",88.0,289.0,NBA Draft Room mock;Tankathon,7-5 1/2 –,89.5,,,,,Luigi Suigo
35.0,Richie Saunders,SG,BYU,"6'6.25""",78.25,205.0,Senior,24.8,18.0,5.8,2.1,0.3,1.7,20.7,6.6,2.4,0.3,2.0,0.632,24.5,7.8,2.9,10.7,Tankathon,richie saunders,Richie Saunders,6,38.666666666666664,36.5,4.714045207910317,35,48,Bleacher Report mock;CBS prospect rankings;NBA Draft Room big board;Rookie Scale consensus;Tankathon;Tankathon mock,35.0,38.0,35.0,41.0,48.0,35.0,,,,31.4,18.0,5.8,2.1,48.9,Richie Saunders,"6'6.25""",78.25,205.0,Tankathon,,,,,,,Richie Saunders
36.0,Ryan Conwell,SG,Louisville,"6'3.25""",75.25,215.0,Senior,22.0,18.8,4.8,2.7,0.2,1.1,21.9,5.6,3.1,0.2,1.3,0.566,29.5,5.1,2.2,7.3,Tankathon,ryan conwell,Ryan Conwell,6,37.0,36.0,4.281744192888376,32,46,Bleacher Report mock;CBS prospect rankings;NBA Draft Room big board;Rookie Scale consensus;Tankathon;Tankathon mock,36.0,36.0,36.0,46.0,36.0,32.0,,,,31.0,18.8,4.8,2.7,40.8,Ryan Conwell,"6'3.25""",75.25,215.0,Tankathon,,,,,,,Ryan Conwell
37.0,Ugonna Onyenso,C,Virginia,"7'0.25""",84.25,237.0,Senior,21.7,6.5,4.9,0.6,2.9,0.6,12.6,9.5,1.1,5.7,1.2,0.616,15.5,4.7,7.6,12.2,Tankathon,ugonna onyenso,Ugonna Onyenso,6,43.5,40.0,8.88350531415762,36,62,Bleacher Report mock;CBS prospect rankings;NBA Draft Room big board;Rookie Scale consensus;Tankathon;Tankathon mock,37.0,41.0,46.0,39.0,62.0,36.0,,,,18.6,6.5,4.9,0.6,56.8,Ugonna Onyenso,"7'0.25""",84.25,237.0,Tankathon,,,,,,,Ugonna Onyenso
38.0,Jaden Bradley,PG,Arizona,"6'3.75""",75.75,205.0,Senior,22.8,13.3,3.4,4.4,0.1,1.4,15.6,4.0,5.1,0.1,1.7,0.568,20.9,3.7,5.3,9.0,Tankathon,jaden bradley,Jaden Bradley,6,39.166666666666664,40.0,4.13991411612474,31,44,Bleacher Report mock;CBS prospect rankings;NBA Draft Room big board;Rookie Scale consensus;Tankathon;Tankathon mock,38.0,39.0,41.0,44.0,31.0,42.0,,,,30.5,13.3,3.4,4.4,46.3,Jaden Bradley,"6'3.75""",75.75,205.0,Tankathon,,,,,,,Jaden Bradley
39.0,Trevon Brazile,PF,Arkansas,"6'10.75""",82.75,226.0,Senior,23.4,13.0,7.3,1.6,1.6,1.5,14.9,8.4,1.8,1.8,1.7,0.619,17.6,5.4,3.9,9.3,Tankathon,trevon brazile,Trevon Brazile,6,37.666666666666664,38.0,1.699673171197595,35,40,Bleacher Report mock;CBS prospect rankings;NBA Draft Room big board;Rookie Scale consensus;Tankathon;Tankathon mock,39.0,40.0,38.0,36.0,35.0,38.0,,,,31.5,13.1,7.3,1.5,52.6,Trevon Brazile,"6'10.75""",82.75,226.0,Tankathon,,,,,,,Trevon Brazile
40.0,Baba Miller,SF,Cincinnati,"6'11.75""",83.75,208.0,Senior,22.4,13.0,10.3,3.7,1.2,0.7,14.7,11.7,4.2,1.3,0.8,0.576,21.1,3.7,5.8,9.4,Tankathon,baba miller,Baba Miller,6,37.0,37.0,2.0816659994661326,34,40,Bleacher Report mock;CBS prospect rankings;NBA Draft Room big board;Rookie Scale consensus;Tankathon;Tankathon mock,40.0,34.0,37.0,35.0,39.0,37.0,,,,31.9,13.0,10.3,3.7,52.9,Baba Miller,"6'11.75""",83.75,208.0,Tankathon,,,,,,,Baba Miller
41.0,Jack Kayil,PG,Alba Berlin,"6'3""",75.0,174.0,International,20.4,12.3,2.9,3.7,0.2,1.0,20.7,4.9,6.2,0.3,1.7,0.534,28.9,,,,Tankathon,jack kayil,Jack Kayil,5,41.6,41.0,4.8,37,50,Bleacher Report mock;NBA Draft Room big board;Rookie Scale consensus;Tankathon;Tankathon mock,41.0,50.0,,37.0,37.0,43.0,,,,,,,,,Jack Kayil,"6'3""",75.0,174.0,Tankathon,,,,,,,Jack Kayil
42.0,Otega Oweh,SG,Kentucky,"6'5.5""",77.5,216.0,Senior,22.9,18.6,4.8,2.7,0.3,1.8,20.5,5.3,2.9,0.3,2.0,0.554,28.4,4.0,3.4,7.4,Tankathon,otega oweh,Otega Oweh,6,42.333333333333336,42.5,2.3570226039551585,39,46,Bleacher Report mock;CBS prospect rankings;NBA Draft Room big board;Rookie Scale consensus;Tankathon;Tankathon mock,42.0,46.0,40.0,43.0,44.0,39.0,,,,32.7,18.6,4.8,2.7,46.5,Otega Oweh,"6'5.5""",77.5,216.0,Tankathon,,,,,,,Otega Oweh
43.0,Nick Martinelli,SF,Northwestern,"6'7.75""",79.75,224.0,Senior,22.2,23.0,6.2,2.0,0.4,0.8,23.3,6.3,2.0,0.4,0.8,0.602,31.1,8.0,0.6,8.6,Tankathon,nick martinelli,Nick Martinelli,6,49.5,46.5,9.945685831890462,41,70,Bleacher Report mock;CBS prospect rankings;NBA Draft Room big board;Rookie Scale consensus;Tankathon;Tankathon mock,43.0,51.0,70.0,42.0,50.0,41.0,,,,35.5,23.0,6.2,2.0,51.0,Nick Martinelli,"6'7.75""",79.75,224.0,Tankathon,,,,,,,Nick Martinelli
44.0,Ja'Kobi Gillespie,PG,Tennessee,"6'1""",73.0,182.0,Senior,22.3,18.4,2.8,5.4,0.2,2.1,19.1,2.9,5.6,0.2,2.2,0.538,26.9,6.4,4.5,10.9,Tankathon,ja kobi gillespie,Ja'Kobi Gillespie,5,44.8,45.0,1.7204650534085253,42,47,Bleacher Report mock;CBS prospect rankings;Rookie Scale consensus;Tankathon;Tankathon mock,44.0,42.0,45.0,47.0,,46.0,,,,34.6,18.4,2.8,5.4,41.0,Ja'Kobi Gillespie,"6'1""",73.0,182.0,Tankathon,,,,,,,Ja'Kobi Gillespie
45.0,Emanuel Sharp,SG,Houston,"6'4""",76.0,208.0,Senior,22.3,15.5,3.0,1.7,0.1,1.2,18.9,3.6,2.1,0.1,1.5,0.582,25.0,5.9,4.8,10.7,Tankathon,emanuel sharp,Emanuel Sharp,5,44.2,45.0,1.16619037896906,42,45,Bleacher Report mock;CBS prospect rankings;Rookie Scale consensus;Tankathon;Tankathon mock,45.0,44.0,42.0,45.0,,45.0,,,,29.4,15.5,3.0,1.7,41.3,Emanuel Sharp,"6'4""",76.0,208.0,Tankathon,,,,,,,Emanuel Sharp
46.0,Izaiyah Nelson,PF/C,South Florida,"6'9.5""",81.5,219.0,Senior,22.7,15.9,9.6,1.2,1.4,1.6,20.9,12.6,1.6,1.9,2.2,0.612,23.7,5.9,3.3,9.2,Tankathon,izaiyah nelson,Izaiyah Nelson,6,49.666666666666664,50.0,5.647024782032472,40,57,Bleacher Report mock;CBS prospect rankings;NBA Draft Room big board;Rookie Scale consensus;Tankathon;Tankathon mock,46.0,49.0,57.0,40.0,55.0,51.0,,,,27.2,15.9,9.6,1.2,56.1,Izaiyah Nelson,"6'9.5""",81.5,219.0,Tankathon,,,,,,,Izaiyah Nelson
47.0,Bruce Thornton,PG,Ohio State,"6'1.25""",73.25,223.0,Senior,22.8,19.9,5.1,3.9,0.2,1.1,19.6,5.0,3.9,0.2,1.1,0.665,23.6,9.5,3.2,12.7,Tankathon,bruce thornton,Bruce Thornton,6,49.833333333333336,47.5,5.580223014261069,44,58,Bleacher Report mock;CBS prospect rankings;NBA Draft Room big board;Rookie Scale consensus;Tankathon;Tankathon mock,47.0,45.0,44.0,57.0,58.0,48.0,,,,36.5,19.9,5.1,3.9,55.4,Bruce Thornton,"6'1.25""",73.25,223.0,Tankathon,,,,,,,Bruce Thornton
48.0,Milos Uzan,PG,Houston,"6'4.25""",76.25,185.0,Senior,23.5,11.1,2.7,4.0,0.1,1.0,12.1,2.9,4.4,0.1,1.1,0.493,19.6,2.6,3.8,6.4,Tankathon,milos uzan,Milos Uzan,6,51.5,49.5,5.439056290693573,47,63,Bleacher Report mock;CBS prospect rankings;NBA Draft Room big board;Rookie Scale consensus;Tankathon;Tankathon mock,48.0,52.0,48.0,51.0,63.0,47.0,,,,33.0,11.1,2.7,4.0,38.0,Milos Uzan,"6'4.25""",76.25,185.0,Tankathon,,,,,,,Milos Uzan
49.0,Tyler Nickel,SG,Vanderbilt,"6'7.25""",79.25,217.0,Senior,22.8,13.5,3.3,1.2,0.5,0.8,15.9,3.8,1.4,0.6,0.9,0.617,18.9,6.0,1.4,7.5,Tankathon,tyler nickel,Tyler Nickel,5,51.4,49.0,4.841487374764082,48,61,CBS prospect rankings;NBA Draft Room big board;Rookie Scale consensus;Tankathon;Tankathon mock,49.0,48.0,50.0,,61.0,49.0,,,,30.5,13.5,3.3,1.2,44.5,Tyler Nickel,"6'7.25""",79.25,217.0,Tankathon,,,,,,,Tyler Nickel
50.0,Braden Smith,PG,Purdue,"5'11.5""",71.5,167.0,Senior,22.9,14.3,3.5,8.8,0.2,1.7,14.9,3.7,9.2,0.2,1.8,0.551,24.0,6.8,3.0,9.8,Tankathon,braden smith,Braden Smith,6,42.0,41.0,6.082762530298219,34,50,Bleacher Report mock;CBS prospect rankings;NBA Draft Room big board;Rookie Scale consensus;Tankathon;Tankathon mock,50.0,37.0,34.0,38.0,49.0,44.0,,,,34.5,14.3,3.5,8.8,44.0,Braden Smith,"5'11.5""",71.5,167.0,Tankathon,,,,,,,Braden Smith
51.0,Maliq Brown,PF,Duke,"6'9.25""",81.25,217.0,Senior,22.6,4.9,5.2,1.6,0.6,1.8,8.8,9.2,2.9,1.1,3.2,0.634,12.7,2.6,8.9,11.6,Tankathon,maliq brown,Maliq Brown,6,55.833333333333336,53.5,6.618576550554927,51,70,Bleacher Report mock;CBS prospect rankings;NBA Draft Room big board;Rookie Scale consensus;Tankathon;Tankathon mock,51.0,55.0,51.0,56.0,70.0,52.0,,,,20.3,4.9,5.2,1.6,62.9,Maliq Brown,"6'9.25""",81.25,217.0,Tankathon,,,,,,,Maliq Brown
52.0,Tyler Bilodeau,PF,UCLA,"6'8.5""",80.5,228.0,Senior,22.2,17.6,5.6,1.1,0.4,0.5,21.1,6.7,1.3,0.4,0.6,0.656,25.8,7.5,1.4,8.9,Tankathon,tyler bilodeau,Tyler Bilodeau,5,49.8,52.0,6.273754856543249,42,58,CBS prospect rankings;NBA Draft Room big board;Rookie Scale consensus;Tankathon;Tankathon mock,52.0,54.0,43.0,,42.0,58.0,,,,30.2,17.6,5.6,1.1,51.8,Tyler Bilodeau,"6'8.5""",80.5,228.0,Tankathon,,,,,,,Tyler Bilodeau
53.0,Felix Okpara,C,Tennessee,"6'11.25""",83.25,237.0,Senior,22.2,8.0,6.3,0.5,1.5,0.4,10.7,8.5,0.7,2.0,0.6,0.617,13.4,1.8,3.6,5.5,Tankathon,felix okpara,Felix Okpara,6,54.333333333333336,54.5,2.4267032964268394,50,57,Bleacher Report mock;CBS prospect rankings;NBA Draft Room big board;Rookie Scale consensus;Tankathon;Tankathon mock,53.0,57.0,54.0,55.0,57.0,50.0,,,,26.9,8.0,6.3,0.5,59.7,Felix Okpara,"6'11.25""",83.25,237.0,Tankathon,,,,,,,Felix Okpara
54.0,Tamin Lipsey,PG,Iowa State,"6'1""",73.0,200.0,Senior,22.9,13.5,3.9,5.1,0.0,2.3,15.4,4.5,5.8,0.0,2.6,0.54,22.1,5.5,5.8,11.3,Tankathon,tamin lipsey,Tamin Lipsey,4,57.5,57.5,4.031128874149275,53,62,CBS prospect rankings;Rookie Scale consensus;Tankathon;Tankathon mock,54.0,61.0,62.0,,,53.0,,,,31.4,13.5,3.9,5.1,45.9,Tamin Lipsey,"6'1""",73.0,200.0,Tankathon,,,,,,,Tamin Lipsey
55.0,Pavle Backo,C,KK Mega Basket,"6'11""",83.0,262.0,International,18.9,12.7,4.7,1.2,1.3,0.3,23.8,8.8,2.2,2.3,0.6,0.603,26.5,,,,Tankathon,pavle backo,Pavle Backo,4,56.75,57.5,18.48479104561369,30,82,NBA Draft Room big board;Rookie Scale consensus;Tankathon;Tankathon mock,55.0,82.0,,,30.0,60.0,,,,,,,,,Pavle Backo,"6'11""",83.0,262.0,Tankathon,,,,,,,Pavle Backo
56.0,Kylan Boswell,PG,Illinois,"6'2.5""",74.5,226.0,Senior,21.2,12.3,4.0,3.0,0.0,0.7,14.7,4.8,3.6,0.0,0.9,0.559,20.4,3.9,3.1,7.0,Tankathon,kylan boswell,Kylan Boswell,6,56.0,54.5,6.879922480183431,47,69,Bleacher Report mock;CBS prospect rankings;NBA Draft Room big board;Rookie Scale consensus;Tankathon;Tankathon mock,56.0,53.0,47.0,52.0,69.0,59.0,,,,30.0,12.3,4.0,3.0,44.4,Kylan Boswell,"6'2.5""",74.5,226.0,Tankathon,,,,,,,Kylan Boswell
57.0,Tobi Lawal,PF,Virginia Tech,"6'8.5""",80.5,214.0,Senior,23.1,12.3,8.5,0.6,1.1,0.3,15.2,10.5,0.8,1.4,0.4,0.635,20.0,2.3,1.6,3.9,Tankathon,tobi lawal,Tobi Lawal,6,52.166666666666664,53.0,3.3374973990834644,47,57,Bleacher Report mock;CBS prospect rankings;NBA Draft Room big board;Rookie Scale consensus;Tankathon;Tankathon mock,57.0,47.0,52.0,49.0,54.0,54.0,,,,29.1,12.3,8.5,0.6,54.2,Tobi Lawal,"6'8.5""",80.5,214.0,Tankathon,,,,,,,Tobi Lawal
58.0,Rafael Castro,C,George Washington,"6'10.25""",82.25,224.0,Senior,23.2,15.3,9.1,1.7,1.7,1.8,20.1,12.0,2.2,2.3,2.3,0.645,24.2,6.1,3.4,9.5,Tankathon,rafael castro,Rafael Castro,5,58.6,58.0,2.3323807579381204,56,63,Bleacher Report mock;CBS prospect rankings;Rookie Scale consensus;Tankathon;Tankathon mock,58.0,63.0,58.0,58.0,,56.0,,,,27.2,15.3,9.1,1.7,62.7,Rafael Castro,"6'10.25""",82.25,224.0,Tankathon,,,,,,,Rafael Castro
59.0,Keyshawn Hall,SF,Auburn,"6'7.25""",79.25,227.0,Senior,23.2,19.3,7.1,2.6,0.6,0.7,20.6,7.6,2.8,0.7,0.8,0.606,26.7,6.5,1.0,7.5,Tankathon,keyshawn hall,Keyshawn Hall,6,53.666666666666664,55.5,7.2033942616581035,38,59,Bleacher Report mock;CBS prospect rankings;NBA Draft Room big board;Rookie Scale consensus;Tankathon;Tankathon mock,59.0,56.0,55.0,59.0,38.0,55.0,,,,33.6,19.3,7.0,2.6,45.1,Keyshawn Hall,"6'7.25""",79.25,227.0,Tankathon,,,,,,,Keyshawn Hall
60.0,Dillon Mitchell,SF,St. John's,"6'8""",80.0,202.0,Senior,22.7,8.3,7.0,3.0,0.7,1.3,10.7,9.0,3.8,0.9,1.6,0.555,14.5,3.9,5.3,9.3,Tankathon,dillon mitchell,Dillon Mitchell,6,50.0,49.5,6.831300510639732,41,60,Bleacher Report mock;CBS prospect rankings;NBA Draft Room big board;Rookie Scale consensus;Tankathon;Tankathon mock,60.0,43.0,49.0,50.0,41.0,57.0,,,,28.2,8.3,7.0,3.0,55.9,Dillon Mitchell,"6'8""",80.0,202.0,Tankathon,,,,,,,Dillon Mitchell
61.0,Quadir Copeland,PG/SG,NC State,"6'6""",78.0,220.0,Senior,22.8,13.9,3.6,6.5,0.1,1.8,17.4,4.5,8.1,0.2,2.2,0.592,25.6,4.5,3.2,7.8,Tankathon,quadir copeland,Quadir Copeland,4,57.75,61.0,8.757139944068497,43,66,CBS prospect rankings;NBA Draft Room big board;Rookie Scale consensus;Tankathon,61.0,66.0,61.0,,43.0,,,,,28.7,13.9,3.6,6.5,49.4,Quadir Copeland,"6'6""",78.0,220.0,Tankathon,,,,,,,Quadir Copeland
62.0,Nick Boyd,PG/SG,Wisconsin,"6'2.25""",74.25,176.0,Senior,25.2,20.7,3.8,4.3,0.0,1.0,23.4,4.3,4.8,0.0,1.2,0.588,30.6,7.6,1.9,9.5,Tankathon,nick boyd,Nick Boyd,4,65.75,64.0,6.417748826496718,59,76,CBS prospect rankings;NBA Draft Room big board;Rookie Scale consensus;Tankathon,62.0,76.0,59.0,,66.0,,,,,31.9,20.7,3.8,4.3,48.0,Nick Boyd,"6'2.25""",74.25,176.0,Tankathon,,,,,,,Nick Boyd
63.0,Peter Suder,SG,Miami (Ohio),"6'5""",77.0,213.0,Senior,22.9,14.8,4.6,4.0,0.4,1.3,17.1,5.4,4.7,0.5,1.5,0.633,21.8,2.5,1.0,3.5,Tankathon,peter suder,Peter Suder,3,71.0,66.0,9.273618495495704,63,84,CBS prospect rankings;Rookie Scale consensus;Tankathon,63.0,84.0,66.0,,,,,,,31.0,14.8,4.6,4.0,54.6,Peter Suder,"6'5""",77.0,213.0,Tankathon,,,,,,,Peter Suder
64.0,Nate Bittle,C,Oregon,"7'0""",84.0,250.0,Senior,23.0,16.8,6.9,2.6,1.8,0.9,19.4,8.0,3.0,2.1,1.0,0.563,28.2,6.1,2.9,9.0,Tankathon,nate bittle,Nate Bittle,3,60.0,60.0,3.265986323710904,56,64,CBS prospect rankings;Rookie Scale consensus;Tankathon,64.0,60.0,56.0,,,,,,,31.1,16.8,6.9,2.6,46.5,Nate Bittle,"7'0""",84.0,250.0,Tankathon,,,,,,,Nate Bittle
65.0,Aaron Nkrumah,SG,Tennessee State,"6'6.25""",78.25,189.0,Senior,24.6,17.7,5.5,3.0,0.5,2.8,20.3,6.3,3.5,0.6,3.2,0.552,27.6,2.9,1.9,4.8,Tankathon,aaron nkrumah,Aaron Nkrumah,5,56.6,53.0,9.76933979345585,46,71,Bleacher Report mock;CBS prospect rankings;NBA Draft Room big board;Rookie Scale consensus;Tankathon,65.0,71.0,53.0,48.0,46.0,,,,,31.3,17.7,5.5,3.0,43.8,Aaron Nkrumah,"6'6.25""",78.25,189.0,Tankathon,,,,,,,Aaron Nkrumah
66.0,Trey Kaufman-Renn,PF,Purdue,"6'9""",81.0,241.0,Senior,23.8,14.2,8.3,2.5,0.2,0.4,18.1,10.7,3.3,0.3,0.5,0.59,24.9,6.2,2.3,8.4,Tankathon,trey kaufman renn,Trey Kaufman-Renn,5,61.8,62.0,8.818163074019441,47,74,Bleacher Report mock;CBS prospect rankings;NBA Draft Room big board;Rookie Scale consensus;Tankathon,66.0,62.0,74.0,60.0,47.0,,,,,28.0,14.2,8.3,2.5,57.8,Trey Kaufman-Renn,"6'9""",81.0,241.0,Tankathon,,,,,,,Trey Kaufman-Renn
67.0,Bryce Hopkins,SF,St. John's,"6'7.25""",79.25,219.0,Senior,23.8,13.6,6.2,1.9,0.3,1.1,17.0,7.8,2.4,0.3,1.4,0.558,22.4,5.0,3.5,8.5,Tankathon,bryce hopkins,Bryce Hopkins,4,61.0,59.5,3.5355339059327378,58,67,CBS prospect rankings;NBA Draft Room big board;Rookie Scale consensus;Tankathon,67.0,58.0,60.0,,59.0,,,,,28.8,13.6,6.2,1.9,46.9,Bryce Hopkins,"6'7.25""",79.25,219.0,Tankathon,,,,,,,Bryce Hopkins
68.0,Malik Reneau,PF,Miami,"6'9""",81.0,238.0,Senior,23.2,18.9,6.5,2.1,0.8,1.1,23.5,8.1,2.6,1.0,1.3,0.618,30.6,6.0,2.5,8.5,Tankathon,malik reneau,Malik Reneau,4,67.25,66.5,3.766629793329841,63,73,CBS prospect rankings;NBA Draft Room big board;Rookie Scale consensus;Tankathon,68.0,73.0,63.0,,65.0,,,,,29.0,18.9,6.5,2.1,54.0,Malik Reneau,"6'9""",81.0,238.0,Tankathon,,,,,,,Malik Reneau
69.0,Tucker DeVries,SG/SF,Indiana,"6'7""",79.0,220.0,Senior,23.5,13.7,5.3,3.3,0.6,1.1,14.4,5.5,3.5,0.6,1.2,0.546,21.9,3.9,3.0,6.9,Tankathon,tucker devries,Tucker DeVries,3,66.0,65.0,2.160246899469287,64,69,CBS prospect rankings;Rookie Scale consensus;Tankathon,69.0,64.0,65.0,,,,,,,34.3,13.7,5.3,3.3,39.7,Tucker DeVries,"6'7""",79.0,220.0,Tankathon,,,,,,,Tucker DeVries
70.0,Darrion Williams,SF,NC State,"6'5.75""",77.75,236.0,Senior,23.2,14.0,4.6,2.8,0.3,1.1,16.7,5.5,3.3,0.4,1.3,0.533,24.6,4.0,1.2,5.2,Tankathon,darrion williams,Darrion Williams,3,67.33333333333333,70.0,6.018490028422596,59,73,CBS prospect rankings;Rookie Scale consensus;Tankathon,70.0,59.0,73.0,,,,,,,30.0,14.0,4.6,2.8,41.4,Darrion Williams,"6'5.75""",77.75,236.0,Tankathon,,,,,,,Darrion Williams
71.0,Mark Mitchell,SF/PF,Missouri,"6'9""",81.0,230.0,Senior,22.8,18.3,5.2,3.6,0.5,0.7,19.7,6.5,1.8,0.7,2.2,0.55,26.9,4.4,1.7,6.1,Tankathon,mark mitchell,Mark Mitchell,3,77.0,72.0,7.788880963698615,71,88,CBS prospect rankings;Rookie Scale consensus;Tankathon,71.0,72.0,88.0,,,,,,,33.8,18.3,5.2,3.6,54.7,Mark Mitchell,"6'9""",81.0,230.0,Tankathon,,,,,,,Mark Mitchell
,,,,,,,,,,,,,,,,,,,,,,,,,jakobi gillespie,Ja’kobi Gillespie,1,40.0,40.0,0.0,40,40,NBA Draft Room big board,,,,,40.0,,,,,,,,,,,,,,,,,,,,,Ja’kobi Gillespie
,,,,,,,,,,,,,,,,,,,,,,,,,wyatt fricks,Wyatt Fricks,1,53.0,53.0,0.0,53,53,Bleacher Report mock,,,,53.0,,,,,,,,,,,,,,,,,,,,,,Wyatt Fricks
,,,,,,,,,,,,,,,,,,,,,,,,,emanuel sharpe,Emanuel Sharpe,1,56.0,56.0,0.0,56,56,NBA Draft Room big board,,,,,56.0,,,,,,,,,,,,,,,,,,,,,Emanuel Sharpe
,,,,,,,,,,,,,,,,,,,,,,,,,lamar wilkerson,Lamar Wilkerson,3,64.0,69.0,9.273618495495704,51,72,CBS prospect rankings;NBA Draft Room big board;Rookie Scale consensus,,69.0,72.0,,51.0,,,,,33.9,20.9,3.5,2.4,46.3,,,,,,,,,,,,Lamar Wilkerson
,,,,,,,,,,,,,,,,,,,,,,,,,jaron pierre,Jaron Pierre Jr.,2,67.0,67.0,3.0,64,70,CBS prospect rankings;Rookie Scale consensus,,70.0,64.0,,,,,,,33.0,17.6,4.9,2.1,46.2,,,,,,,,,,,,Jaron Pierre Jr.
,,,,,,,,,,,,,,,,,,,,,,,,,duke miles,Duke Miles,3,67.33333333333333,65.0,11.953614051360738,54,83,Bleacher Report mock;CBS prospect rankings;Rookie Scale consensus,,65.0,83.0,54.0,,,,,,29.5,16.1,3.0,4.5,43.5,,,,,,,,,,,,Duke Miles
,,,,,,,,,,,,,,,,,,,,,,,,,malique lewis,Malique Lewis,2,67.5,67.5,0.5,67,68,NBA Draft Room big board;Rookie Scale consensus,,68.0,,,67.0,,,,,,,,,,,,,,,,,,,,,Malique Lewis
,,,,,,,,,,,,,,,,,,,,,,,,,tobe awaka,Tobe Awaka,3,70.0,68.0,3.559026084010437,67,75,CBS prospect rankings;NBA Draft Room big board;Rookie Scale consensus,,67.0,75.0,,68.0,,,,,20.8,9.3,9.1,0.8,58.7,,,,,,,,,,,,Tobe Awaka
,,,,,,,,,,,,,,,,,,,,,,,,,cade tyson,Cade Tyson,2,71.0,71.0,4.0,67,75,CBS prospect rankings;Rookie Scale consensus,,75.0,67.0,,,,,,,36.7,19.6,5.4,2.1,50.0,,,,,,,,,,,,Cade Tyson
,,,,,,,,,,,,,,,,,,,,,,,,,jaden henley,Jaden Henley,2,73.0,73.0,4.0,69,77,CBS prospect rankings;Rookie Scale consensus,,77.0,69.0,,,,,,,31.5,17.7,5.7,2.9,46.6,,,,,,,,,,,,Jaden Henley
,,,,,,,,,,,,,,,,,,,,,,,,,michael ajayi,Michael Ajayi,1,74.0,74.0,0.0,74,74,Rookie Scale consensus,,74.0,,,,,,,,,,,,,,,,,,,,,,,,Michael Ajayi
,,,,,,,,,,,,,,,,,,,,,,,,,seth trimble,Seth Trimble,3,74.33333333333333,80.0,10.208928554075703,60,83,CBS prospect rankings;NBA Draft Room big board;Rookie Scale consensus,,83.0,80.0,,60.0,,,,,32.3,14.0,3.8,3.0,47.1,,,,,,,,,,,,Seth Trimble
,,,,,,,,,,,,,,,,,,,,,,,,,melvin council,Melvin Council Jr.,3,76.0,82.0,17.663521732655695,52,94,CBS prospect rankings;NBA Draft Room big board;Rookie Scale consensus,,94.0,82.0,,52.0,,,,,34.9,12.7,5.0,5.1,39.2,,,,,,,,,,,,Melvin Council Jr.
,,,,,,,,,,,,,,,,,,,,,,,,,noam yaacov,Noam Yaacov,1,76.0,76.0,0.0,76,76,Rookie Scale consensus,,76.0,,,,,,,,,,,,,,,,,,,,,,,,Noam Yaacov
,,,,,,,,,,,,,,,,,,,,,,,,,fletcher loyer,Fletcher Loyer,3,76.66666666666667,88.0,22.691163233490013,45,97,CBS prospect rankings;NBA Draft Room big board;Rookie Scale consensus,,88.0,97.0,,45.0,,,,,29.3,14.1,2.3,2.1,45.0,,,,,,,,,,,,Fletcher Loyer
,,,,,,,,,,,,,,,,,,,,,,,,,graham ike,Graham Ike,2,78.0,78.0,1.0,77,79,CBS prospect rankings;Rookie Scale consensus,,79.0,77.0,,,,,,,31.1,19.9,8.0,2.4,56.3,,,,,,,,,,,,Graham Ike
,,,,,,,,,,,,,,,,,,,,,,,,,jaxon kohler,Jaxon Kohler,3,81.0,86.0,12.355835328567093,64,93,CBS prospect rankings;NBA Draft Room big board;Rookie Scale consensus,,93.0,86.0,,64.0,,,,,27.7,12.5,8.9,1.3,50.0,,,,,,,,,,,,Jaxon Kohler
,,,,,,,,,,,,,,,,,,,,,,,,,chris bell,Chris Bell,1,81.0,81.0,0.0,81,81,CBS prospect rankings,,,81.0,,,,,,,27.9,14.2,2.6,0.6,45.9,,,,,,,,,,,,Chris Bell
,,,,,,,,,,,,,,,,,,,,,,,,,elijah mahi,Elijah Mahi,2,82.0,82.0,3.0,79,85,CBS prospect rankings;Rookie Scale consensus,,85.0,79.0,,,,,,,30.4,14.1,4.7,2.6,44.7,,,,,,,,,,,,Elijah Mahi
,,,,,,,,,,,,,,,,,,,,,,,,,ernest udeh,Ernest Udeh Jr.,2,85.5,85.5,9.5,76,95,CBS prospect rankings;Rookie Scale consensus,,95.0,76.0,,,,,,,28.2,6.7,9.2,0.5,72.7,,,,,,,,,,,,Ernest Udeh Jr.
,,,,,,,,,,,,,,,,,,,,,,,,,oscar cluff,Oscar Cluff,2,86.0,86.0,6.0,80,92,CBS prospect rankings;Rookie Scale consensus,,80.0,92.0,,,,,,,24.7,10.6,7.5,1.8,68.3,,,,,,,,,,,,Oscar Cluff
,,,,,,,,,,,,,,,,,,,,,,,,,vsevolod ishchenko,Vsevolod Ishchenko,1,86.0,86.0,0.0,86,86,Rookie Scale consensus,,86.0,,,,,,,,,,,,,,,,,,,,,,,,Vsevolod Ishchenko
,,,,,,,,,,,,,,,,,,,,,,,,,xaivian lee,Xaivian Lee,2,88.0,88.0,10.0,78,98,CBS prospect rankings;Rookie Scale consensus,,78.0,98.0,,,,,,,27.3,11.6,3.7,4.1,42.0,,,,,,,,,,,,Xaivian Lee
,,,,,,,,,,,,,,,,,,,,,,,,,josh dix,Josh Dix,2,88.5,88.5,1.5,87,90,CBS prospect rankings;Rookie Scale consensus,,90.0,87.0,,,,,,,32.8,13.2,3.7,2.3,43.9,,,,,,,,,,,,Josh Dix
,,,,,,,,,,,,,,,,,,,,,,,,,tre donaldson,Tre Donaldson,1,89.0,89.0,0.0,89,89,CBS prospect rankings,,,89.0,,,,,,,34.1,16.4,3.6,5.7,45.4,,,,,,,,,,,,Tre Donaldson
,,,,,,,,,,,,,,,,,,,,,,,,,donovan atwell,Donovan Atwell,2,91.0,91.0,1.0,90,92,CBS prospect rankings;Rookie Scale consensus,,92.0,90.0,,,,,,,34.7,13.5,3.2,0.8,46.3,,,,,,,,,,,,Donovan Atwell
,,,,,,,,,,,,,,,,,,,,,,,,,william kyle,William Kyle III,2,91.0,91.0,4.0,87,95,CBS prospect rankings;Rookie Scale consensus,,87.0,95.0,,,,,,,28.2,8.4,7.1,0.9,66.1,,,,,,,,,,,,William Kyle III
,,,,,,,,,,,,,,,,,,,,,,,,,ben humrichous,Ben Humrichous,1,91.0,91.0,0.0,91,91,CBS prospect rankings,,,91.0,,,,,,,22.5,5.8,3.9,0.8,38.3,,,,,,,,,,,,Ben Humrichous
,,,,,,,,,,,,,,,,,,,,,,,,,jalen washington,Jalen Washington,1,91.0,91.0,0.0,91,91,Rookie Scale consensus,,91.0,,,,,,,,,,,,,,,,,,,,,,,,Jalen Washington
,,,,,,,,,,,,,,,,,,,,,,,,,lajae jones,Lajae Jones,2,92.0,92.0,8.0,84,100,CBS prospect rankings;Rookie Scale consensus,,100.0,84.0,,,,,,,29.5,12.7,5.7,1.1,42.7,,,,,,,,,,,,Lajae Jones
,,,,,,,,,,,,,,,,,,,,,,,,,tre white,Tre White,2,92.5,92.5,3.5,89,96,CBS prospect rankings;Rookie Scale consensus,,89.0,96.0,,,,,,,31.3,13.5,6.7,1.8,45.0,,,,,,,,,,,,Tre White
,,,,,,,,,,,,,,,,,,,,,,,,,chase ross,Chase Ross,1,93.0,93.0,0.0,93,93,CBS prospect rankings,,,93.0,,,,,,,32.9,14.3,4.2,3.4,42.1,,,,,,,,,,,,Chase Ross
,,,,,,,,,,,,,,,,,,,,,,,,,kowacie reeves,Kowacie Reeves Jr.,1,97.0,97.0,0.0,97,97,Rookie Scale consensus,,97.0,,,,,,,,,,,,,,,,,,,,,,,,Kowacie Reeves Jr.
,,,,,,,,,,,,,,,,,,,,,,,,,isaac mckneely,Isaac McKneely,2,98.0,98.0,2.0,96,100,CBS prospect rankings;Rookie Scale consensus,,96.0,100.0,,,,,,,29.0,10.9,3.0,1.4,41.6,,,,,,,,,,,,Isaac McKneely
,,,,,,,,,,,,,,,,,,,,,,,,,tre carroll,Tre Carroll,1,98.0,98.0,0.0,98,98,Rookie Scale consensus,,98.0,,,,,,,,,,,,,,,,,,,,,,,,Tre Carroll
,,,,,,,,,,,,,,,,,,,,,,,,,kashie natt,Kashie Natt,1,99.0,99.0,0.0,99,99,Rookie Scale consensus,,99.0,,,,,,,,,,,,,,,,,,,,,,,,Kashie Natt
,,,,,,,,,,,,,,,,,,,,,,,,,nimari burnett,Nimari Burnett,1,99.0,99.0,0.0,99,99,CBS prospect rankings,,,99.0,,,,,,,19.8,8.2,2.8,1.2,45.3,,,,,,,,,,,,Nimari Burnett
