rank,name_tankathon,position,team_school,height_listed,height_in,weight_lbs,class,age,pts_pg,reb_pg,ast_pg,blk_pg,stl_pg,pts_per36,reb_per36,ast_per36,blk_per36,stl_per36,ts_pct,usg,obpm,dbpm,bpm,source,norm_name,name,sources_count,consensus_mean,consensus_median,consensus_std,consensus_min,consensus_max,sources,rank_tankathon,rank_rookie_scale_consensus,rank_cbs_prospect_rankings,rank_bleacher_report_mock,rank_nba_draft_room_big_board,rank_tankathon_mock,rank_cbs_mock,rank_yahoo_koc_big_board,rank_the_ringer_big_board,cbs_mpg,cbs_ppg,cbs_rpg,cbs_apg,cbs_fg_pct,name_combine,height_listed_combine,height_in_combine,weight_lbs_combine,sources_combine,wingspan_listed,wingspan_in,height_wo_shoes,height_wo_shoes_in,standing_reach,standing_reach_in,display_name,name_wb,height_wo_shoes_in_wb,weight_lbs_wb,wingspan_in_wb,standing_reach_in_wb,standing_vert_in,max_vert_in,lane_agility_s,shuttle_s,sprint_s,market_rank,age_at_draft,pts_per40,reb_per40,ast_per40,stl_per40,blk_per40,tov_per40,usg_pct,position_group,ft_pct,three_pct,three_pa_per40,pred_value_p10,pred_value_p50,pred_value_p90,ridge_pred,gbm_pred,rf_pred,prob_bust,prob_bench,prob_rotation,prob_starter,prob_star,board_score,board_rank,tier,comp_players,comp_median_mpg,comp_floor_mpg,comp_ceiling_mpg,comp_tiers
3.0,AJ Dybantsa,SF,BYU,"6'9.75""",80.5,217.0,Freshman,19.4,25.5,6.8,3.7,0.3,1.1,26.4,7.1,3.8,0.4,1.1,0.6,33.9,9.5,2.2,11.7,Tankathon,aj dybantsa,AJ Dybantsa,9,1.3333333333333333,1.0,0.6666666666666667,1,3,Bleacher Report mock;CBS mock;CBS prospect rankings;NBA Draft Room big board;Rookie Scale consensus;Tankathon;Tankathon mock;The Ringer big board;Yahoo/KOC big board,3.0,1.0,1.0,1.0,1.0,1.0,1.0,2.0,1.0,34.8,25.5,6.8,3.7,51.0,AJ Dybantsa,"6'9.75""",81.75,217.0,NBA Draft Room mock;On3 combine measurements;Tankathon;Yahoo/KOC big board,7-0 1/4,84.5,6’8.5″,80.5,8’10”,106.0,AJ Dybantsa,AJ Dybantsa,80.5,217.0,84.5,106.0,33.5,42.0,11.06,2.99,3.14,1.3333333333333333,19.4,29.333333333333332,7.888888888888889,4.222222222222222,1.2222222222222223,0.4444444444444445,,33.9,wing,,,,28.042428919657226,29.322531705932192,31.426364471007886,29.428861628411305,28.856716650670695,29.754635587672453,0.017148656502788368,0.043163951070430216,0.17599256544396683,0.3667540105770554,0.3969408164057591,1.926936407900584,1,Tier 1: primary star bets,RJ Barrett; TJ Warren; Jarrett Culver; Alec Burks; Cade Cunningham,27.4,22.8,33.3,star; starter; rotation; rotation; star
2.0,Darryn Peterson,SG/PG,Kansas,"6'5.75""",76.5,198.8,Freshman,19.4,20.2,4.2,1.6,0.6,1.4,25.0,5.2,2.0,0.8,1.8,0.578,33.5,9.3,4.8,14.1,Tankathon,darryn peterson,Darryn Peterson,9,2.111111111111111,2.0,0.3142696805273545,2,3,Bleacher Report mock;CBS mock;CBS prospect rankings;NBA Draft Room big board;Rookie Scale consensus;Tankathon;Tankathon mock;The Ringer big board;Yahoo/KOC big board,2.0,2.0,2.0,2.0,2.0,2.0,2.0,3.0,2.0,29.0,20.2,4.2,1.6,43.8,Darryn Peterson,"6'5.75""",77.75,199.0,NBA Draft Room mock;On3 combine measurements;Tankathon;Yahoo/KOC big board,6-9 3/4,81.75,6’4.5″,76.5,8’7″,103.0,Darryn Peterson,Darryn Peterson,76.5,198.8,81.75,103.0,31.5,37.5,11.17,2.95,3.16,2.111111111111111,19.4,27.77777777777778,5.777777777777779,2.2222222222222223,2.0,0.888888888888889,,33.5,guard,,,,27.63493219003703,29.28235931952525,30.791562500183883,29.92431766344708,29.124488931583915,29.929842196576192,0.022929671330003547,0.056705819429193095,0.19211913500743535,0.521291256800637,0.20695411743273093,1.9107194367224527,2,Tier 1: primary star bets,Kentavious Caldwell-Pope; Jarrett Culver; DAngelo Russell; TJ Warren; Klay Thompson,29.6,27.4,31.639999999999997,starter; rotation; starter; starter; starter
1.0,Cameron Boozer,PF,Duke,"6'9.5""",80.25,252.8,Freshman,18.9,22.5,10.2,4.1,0.6,1.4,24.2,11.0,4.4,0.7,1.5,0.653,29.9,12.7,6.0,18.7,Tankathon,cameron boozer,Cameron Boozer,9,2.6666666666666665,3.0,0.9428090415820634,1,4,Bleacher Report mock;CBS mock;CBS prospect rankings;NBA Draft Room big board;Rookie Scale consensus;Tankathon;Tankathon mock;The Ringer big board;Yahoo/KOC big board,1.0,3.0,3.0,3.0,4.0,3.0,3.0,1.0,3.0,33.5,22.5,10.2,4.1,55.6,Cameron Boozer,"6'9.5""",81.5,253.0,NBA Draft Room mock;On3 combine measurements;Tankathon;Yahoo/KOC big board,7-1 1/2,85.5,6’8.25″,80.25,9’0″,108.0,Cameron Boozer,Cameron Boozer,80.25,252.8,85.5,108.0,28.5,35.0,11.06,2.99,3.31,2.6666666666666665,18.9,26.88888888888889,12.222222222222223,4.888888888888889,1.6666666666666667,0.7777777777777778,,29.9,forward_big,,,,27.287324245760043,29.272004036864402,30.691744475631506,29.74898948377025,29.521314807022833,29.071370328371668,0.02118545376046494,0.057760009146177495,0.19414762626718107,0.42908217021842404,0.2978247406077525,1.8889772598640946,3,Tier 1: primary star bets,Zion Williamson; Derrick Williams; Grant Williams; Frank Kaminsky; Jared Sullinger,21.8,20.7,28.680000000000003,star; rotation; rotation; rotation; starter
5.0,Keaton Wagler,SG/PG,Illinois,"6'6.25""",77.0,188.0,Freshman,19.4,17.9,5.1,4.2,0.4,0.9,19.0,5.4,4.5,0.4,1.0,0.596,25.2,8.8,3.5,12.3,Tankathon,keaton wagler,Keaton Wagler,9,5.444444444444445,5.0,0.955813918560292,5,8,Bleacher Report mock;CBS mock;CBS prospect rankings;NBA Draft Room big board;Rookie Scale consensus;Tankathon;Tankathon mock;The Ringer big board;Yahoo/KOC big board,5.0,5.0,5.0,5.0,8.0,5.0,5.0,6.0,5.0,33.9,17.9,5.1,4.2,44.5,Keaton Wagler,"6'6.25""",78.25,188.0,NBA Draft Room mock;On3 combine measurements;Tankathon;Yahoo/KOC big board,6-6 1/4,78.25,6’5″,77.0,8’4″,100.0,Keaton Wagler,Keaton Wagler,77.0,188.0,78.25,100.0,33.0,36.0,11.05,3.0,3.27,5.444444444444445,19.4,21.11111111111111,6.000000000000001,5.0,1.1111111111111112,0.4444444444444445,,25.2,guard,,,,28.49993390421171,29.57063791993525,30.798868222472386,28.007496760591067,29.5909695812062,29.81960587839155,0.01590206425488417,0.04475407604806872,0.14919856500416356,0.5619065526869814,0.2282387420059021,1.8338575924524223,4,Tier 2: high-lottery starters,Ben McLemore; Luke Kennard; Gary Harris; Devin Booker; Nik Stauskas,23.3,22.5,31.58,rotation; rotation; starter; starter; rotation
4.0,Caleb Wilson,SF/PF,North Carolina,"6'10.5""",81.25,210.8,Freshman,19.9,19.8,9.4,2.7,1.4,1.5,22.8,10.8,3.1,1.6,1.7,0.626,28.7,8.7,5.3,14.0,Tankathon,caleb wilson,Caleb Wilson,9,3.888888888888889,4.0,0.3142696805273545,3,4,Bleacher Report mock;CBS mock;CBS prospect rankings;NBA Draft Room big board;Rookie Scale consensus;Tankathon;Tankathon mock;The Ringer big board;Yahoo/KOC big board,4.0,4.0,4.0,4.0,3.0,4.0,4.0,4.0,4.0,31.2,19.8,9.4,2.7,57.8,Caleb Wilson,"6'10.5""",82.5,211.0,NBA Draft Room mock;On3 combine measurements;Tankathon;Yahoo/KOC big board,7-0 1/4,84.25,6’9.25″,81.25,9’0″,108.0,Caleb Wilson,Caleb Wilson,81.25,210.8,84.25,108.0,34.5,39.5,11.17,3.11,3.23,3.888888888888889,19.9,25.333333333333336,12.000000000000002,3.4444444444444446,1.8888888888888888,1.777777777777778,,28.7,wing,,,,26.902982171300643,28.29485920918782,30.26668312268433,29.290637615571328,28.10063657056494,28.61477634946326,0.01908561454412558,0.0498338237436427,0.21995392373448217,0.3453654907658971,0.3657611472118524,1.825996008281553,5,Tier 2: high-lottery starters,Grant Williams; Cody Zeller; Brice Johnson; Otto Porter; Marvin Bagley,21.8,21.2,24.88,rotation; rotation; bust; starter; starter
7.0,Kingston Flemings,PG,Houston,"6'3.75""",74.5,183.4,Freshman,19.5,16.1,4.1,5.2,0.3,1.5,18.2,4.6,5.9,0.4,1.7,0.563,26.0,6.6,6.0,12.6,Tankathon,kingston flemings,Kingston Flemings,8,7.5,7.0,1.5811388300841898,5,11,Bleacher Report mock;CBS mock;CBS prospect rankings;NBA Draft Room big board;Rookie Scale consensus;Tankathon;Tankathon mock;The Ringer big board,7.0,8.0,7.0,7.0,5.0,7.0,8.0,,11.0,31.7,16.1,4.1,5.2,47.6,Kingston Flemings,"6'3.75""",75.75,183.0,NBA Draft Room mock;On3 combine measurements;Tankathon,6-3 1/2,75.5,6’2.5″,74.5,8’2.5″,98.5,Kingston Flemings,Kingston Flemings,74.5,183.4,75.5,98.5,33.5,40.5,10.61,2.69,3.07,7.5,19.5,20.22222222222222,5.111111111111111,6.555555555555556,1.8888888888888888,0.4444444444444445,,26.0,guard,,,,26.425258739951094,28.887744726397965,30.684062893603464,29.38150769933834,29.502663400414644,28.719538448048688,0.014312751810754127,0.04926191418464851,0.4015672438498984,0.40220239193613166,0.13265569821856737,1.7474244076445482,6,Tier 2: high-lottery starters,Trey Burke; Gary Harris; Jonny Flynn; Monte Morris; Kemba Walker,25.6,22.9,31.1,rotation; starter; rotation; starter; star
6.0,Darius Acuff Jr.,PG,Arkansas,"6'3.25""",74.0,185.8,Freshman,19.6,23.5,3.1,6.4,0.3,0.8,24.1,3.2,6.6,0.3,0.9,0.604,29.5,9.4,0.7,10.1,Tankathon,darius acuff,Darius Acuff Jr.,9,6.222222222222222,6.0,0.415739709641549,6,7,Bleacher Report mock;CBS mock;CBS prospect rankings;NBA Draft Room big board;Rookie Scale consensus;Tankathon;Tankathon mock;The Ringer big board;Yahoo/KOC big board,6.0,6.0,6.0,6.0,6.0,6.0,6.0,7.0,7.0,35.2,23.5,3.1,6.4,48.4,Darius Acuff Jr.,"6'3.25""",75.25,186.0,NBA Draft Room mock;Tankathon;Yahoo/KOC big board,6-7,78.5,,,,98.5,Darius Acuff Jr.,Darius Acuff Jr.,74.0,185.8,78.5,98.5,31.5,36.5,10.99,2.93,3.06,6.222222222222222,19.6,26.777777777777782,3.555555555555556,7.333333333333333,1.0,0.3333333333333333,,29.5,guard,,,,25.52043168206463,27.154287183422248,29.0964570847792,26.429594834075864,26.84022540717547,28.72685709169649,0.020022606796934617,0.10518860838519005,0.242517047917579,0.5375361058470551,0.09473563105324125,1.7200748475465082,7,Tier 2: high-lottery starters,Cameron Payne; Willie Warren; Trey Burke; Markelle Fultz; DAngelo Russell,20.9,17.9,28.419999999999998,rotation; bust; rotation; starter; starter
9.0,Mikel Brown Jr.,PG,Louisville,"6'4.75""",75.5,190.2,Freshman,20.2,18.2,3.3,4.7,0.1,1.2,22.4,4.1,5.8,0.2,1.5,0.577,31.4,4.9,1.7,6.6,Tankathon,mikel brown,Mikel Brown Jr.,9,7.888888888888889,8.0,1.5234788000891208,5,10,Bleacher Report mock;CBS mock;CBS prospect rankings;NBA Draft Room big board;Rookie Scale consensus;Tankathon;Tankathon mock;The Ringer big board;Yahoo/KOC big board,9.0,7.0,8.0,8.0,7.0,10.0,7.0,5.0,10.0,29.0,18.2,3.3,4.7,41.0,Mikel Brown Jr.,"6'4.75""",76.75,190.0,NBA Draft Room mock;On3 combine measurements;Tankathon;Yahoo/KOC big board,6-7 1/2,79.5,6’3.5″,75.5,8’4.5″,100.5,Mikel Brown Jr.,Mikel Brown Jr.,75.5,190.2,79.5,100.5,33.5,39.5,10.57,2.89,3.24,7.888888888888889,20.2,24.88888888888889,4.555555555555555,6.444444444444445,1.6666666666666667,0.22222222222222224,,31.4,guard,,,,23.2071576584061,24.925156891623555,26.938965223954632,27.335561340975808,24.661343395154564,24.585722743709056,0.021360507981041853,0.07363449786609268,0.2558811672641032,0.5508635239372253,0.0982603029515371,1.5720987920128628,8,Tier 2: high-lottery starters,Collin Sexton; Elfrid Payton; Willie Warren; Saben Lee; Jordan Crawford,24.4,15.1,28.84,starter; starter; bust; rotation; starter
8.0,Brayden Burries,SG/PG,Arizona,"6'5""",75.75,215.4,Freshman,20.8,16.1,4.9,2.4,0.2,1.5,19.4,5.9,2.9,0.2,1.8,0.616,23.2,6.0,5.7,11.7,Tankathon,brayden burries,Brayden Burries,9,8.555555555555555,9.0,1.0657403385139377,6,10,Bleacher Report mock;CBS mock;CBS prospect rankings;NBA Draft Room big board;Rookie Scale consensus;Tankathon;Tankathon mock;The Ringer big board;Yahoo/KOC big board,8.0,10.0,9.0,9.0,9.0,9.0,9.0,8.0,6.0,29.9,16.1,4.9,2.4,49.1,Brayden Burries,"6'5""",77.0,215.0,NBA Draft Room mock;Tankathon;Yahoo/KOC big board,6-6,78.0,,,,98.5,Brayden Burries,Brayden Burries,75.75,215.4,78.0,98.5,35.0,38.5,10.59,2.92,3.21,8.555555555555555,20.8,21.555555555555554,6.555555555555556,3.2222222222222223,2.0,0.22222222222222224,,23.2,guard,,,,23.1664811177045,25.025870295432796,26.75995997554599,27.180337479063432,25.42112627189072,25.61460243621271,0.029125171175454358,0.06933546577544256,0.2901850065346721,0.383296830429675,0.22805752608475602,1.5658132378644927,9,Tier 3: starter/plus-rotation bets,Jimmy Butler; Luke Kennard; Gary Harris; Ben McLemore; Chase Budinger,23.3,22.5,31.160000000000004,star; rotation; starter; rotation; rotation
11.0,Labaron Philon Jr.,PG,Alabama,"6'3.75""",74.5,176.2,Sophomore,20.6,22.0,3.5,5.0,0.2,1.2,25.6,4.1,5.8,0.2,1.3,0.626,30.0,9.2,2.1,11.3,Tankathon,labaron philon,Labaron Philon Jr.,8,12.5,13.0,1.6583123951777,9,14,Bleacher Report mock;CBS mock;CBS prospect rankings;NBA Draft Room big board;Rookie Scale consensus;Tankathon;Tankathon mock;The Ringer big board,11.0,14.0,14.0,14.0,12.0,13.0,13.0,,9.0,30.9,22.0,3.5,5.0,50.1,Labaron Philon Jr.,"6'3.75""",75.75,176.0,NBA Draft Room mock;Tankathon,6-6 1/4,78.25,,,,99.5,Labaron Philon Jr.,Labaron Philon,74.5,176.2,78.25,99.5,30.5,35.0,11.55,3.13,3.09,12.5,20.6,28.444444444444446,4.555555555555555,6.444444444444445,1.4444444444444446,0.22222222222222224,,30.0,guard,,,,21.354201733494424,23.610339352864656,25.133860353006057,24.556098214073693,22.264137906079966,21.1438825951849,0.03332664233993266,0.16472429534906602,0.40066168976509026,0.3649679337982081,0.03631943874770297,1.4030773588134926,10,Tier 3: starter/plus-rotation bets,Erick Green; Damian Lillard; Cameron Payne; Nate Wolters; Trey Burke,18.7,17.9,30.14,bench; star; rotation; rotation; rotation
10.0,Nate Ament,SF,Tennessee,"6'10.75""",81.5,210.8,Freshman,19.5,16.7,6.3,2.3,0.6,1.0,20.2,7.7,2.8,0.8,1.2,0.534,29.0,5.1,3.3,8.4,Tankathon,nate ament,Nate Ament,9,11.77777777777778,10.0,3.392075004994166,9,19,Bleacher Report mock;CBS mock;CBS prospect rankings;NBA Draft Room big board;Rookie Scale consensus;Tankathon;Tankathon mock;The Ringer big board;Yahoo/KOC big board,10.0,9.0,10.0,10.0,17.0,11.0,10.0,10.0,19.0,29.7,16.7,6.3,2.3,39.9,Nate Ament,"6'10.75""",82.75,211.0,NBA Draft Room mock;On3 combine measurements;Tankathon;Yahoo/KOC big board,6-11 1/2,83.5,6’9.5″,81.5,9’1.5″,109.5,Nate Ament,Nate Ament,81.5,210.8,83.5,109.5,31.0,37.0,11.27,2.85,3.26,11.77777777777778,19.5,22.444444444444446,8.555555555555555,3.111111111111111,1.3333333333333333,0.888888888888889,,29.0,wing,,,,21.821393944647877,23.18087389216729,24.703000627732315,26.18432208265458,23.183034654434767,20.991132770805873,0.03691583751920247,0.12581872246351974,0.48402945482760423,0.26079912132733324,0.09243686386234043,1.381048501951062,11,Tier 3: starter/plus-rotation bets,Cade Cunningham; Jayson Tatum; Andrew Wiggins; Tobias Harris; CJ Elleby,33.3,31.6,34.28,star; starter; starter; starter; rotation
12.0,Yaxel Lendeborg,PF,Michigan,"6'10""",80.75,241.4,Senior,23.7,15.1,6.8,3.2,1.2,1.1,18.0,8.1,3.9,1.5,1.3,0.646,20.4,9.8,6.9,16.7,Tankathon,yaxel lendeborg,Yaxel Lendeborg,7,11.571428571428571,12.0,1.498298354528788,8,13,Bleacher Report mock;CBS mock;CBS prospect rankings;Rookie Scale consensus;Tankathon;Tankathon mock;The Ringer big board,12.0,12.0,12.0,13.0,,12.0,12.0,,8.0,30.2,15.1,6.8,3.2,51.5,Yaxel Lendeborg,"6'10""",82.0,241.0,NBA Draft Room mock;Tankathon,7-3 1/4,87.25,,,,108.5,Yaxel Lendeborg,Yaxel Lendeborg,80.75,241.4,87.25,108.5,25.5,32.0,10.82,2.8,3.35,11.571428571428571,23.7,20.0,9.0,4.333333333333333,1.4444444444444446,1.6666666666666667,,20.4,forward_big,,,,20.66998890917443,22.205487755817607,23.51022991177155,21.460724777889883,21.903579967061013,21.24012377334455,0.032401579213574304,0.10995715810130911,0.6444116441573545,0.16609134817749907,0.04713827035026313,1.3685719218254484,12,Tier 3: starter/plus-rotation bets,Aaron White; Cameron Johnson; Erik Murphy; Frank Kaminsky; Willie Cauley-Stein,19.8,2.6,24.04,bust; starter; bust; rotation; rotation
18.0,Aday Mara,C,Michigan,"7'4.25""",87.0,259.8,Junior,21.2,12.1,6.8,2.4,2.6,0.4,18.6,10.4,3.7,4.0,0.5,0.659,23.1,5.8,8.4,14.3,Tankathon,aday mara,Aday Mara,9,11.666666666666666,11.0,2.748737083745107,8,18,Bleacher Report mock;CBS mock;CBS prospect rankings;NBA Draft Room big board;Rookie Scale consensus;Tankathon;Tankathon mock;The Ringer big board;Yahoo/KOC big board,18.0,11.0,11.0,12.0,11.0,8.0,11.0,9.0,14.0,23.5,12.1,6.8,2.4,66.8,Aday Mara,"7'4.25""",88.25,260.0,NBA Draft Room mock;On3 combine measurements;Tankathon;Yahoo/KOC big board,7-6,90.0,7’3″,87.0,9’9″,117.0,Aday Mara,Aday Mara,87.0,259.8,90.0,117.0,24.0,28.0,11.47,3.36,3.61,11.666666666666666,21.2,20.666666666666668,11.555555555555557,4.111111111111112,0.5555555555555556,4.444444444444445,,23.1,big,,,,19.548429852583148,22.033156727819538,25.076359051600512,21.784315664993464,22.173588650190414,21.174774030985205,0.041361850199702885,0.40720236353845,0.3652230407719673,0.12182883925682034,0.06438390623305933,1.3434862431514931,13,Tier 3: starter/plus-rotation bets,Jakob Poeltl; Karl-Anthony Towns; Hasheem Thabeet; Udoka Azubuike; Chinanu Onuaku,12.2,10.5,29.0,rotation; star; bench; bench; bench
13.0,Karim López,SF,New Zealand,"6'9.5""",80.25,221.8,International,19.2,11.9,6.1,1.9,1.0,1.2,16.8,8.5,2.7,1.5,1.6,0.58,19.5,,,,Tankathon,karim lopez,Karim López,6,15.166666666666666,13.0,5.367080729368206,11,27,Bleacher Report mock;NBA Draft Room big board;Rookie Scale consensus;Tankathon;Tankathon mock;The Ringer big board,13.0,13.0,,11.0,13.0,14.0,,,27.0,,,,,,Karim López,"6'9.5""",81.5,222.0,NBA Draft Room mock;Tankathon,6-11 1/2,83.5,,,,105.5,Karim López,Karim Lopez,80.25,221.8,83.5,105.5,32.0,38.0,11.14,2.88,3.32,15.166666666666666,19.2,18.666666666666668,9.444444444444445,3.0000000000000004,1.777777777777778,1.6666666666666667,,19.5,wing,,,,20.67165562928013,22.386570658688562,23.48461898262107,23.179727265993787,21.523680697754656,21.9462573238111,0.03456493336628404,0.1635927596338563,0.412466920063396,0.30693651473234834,0.08243887220411522,1.2407670714680974,14,Tier 3: starter/plus-rotation bets,Michael Kidd-Gilchrist; Jonathan Isaac; Justise Winslow; OG Anunoby; Moses Moody,24.6,23.1,27.759999999999998,starter; rotation; starter; starter; bench
14.0,Cameron Carr,SG,Baylor,"6'5.75""",76.5,184.4,Sophomore,21.6,18.9,5.8,2.6,1.3,0.9,20.2,6.2,2.8,1.4,0.9,0.622,25.3,6.9,2.3,9.2,Tankathon,cameron carr,Cameron Carr,6,15.5,15.0,1.2583057392117916,14,18,Bleacher Report mock;NBA Draft Room big board;Rookie Scale consensus;Tankathon;Tankathon mock;The Ringer big board,14.0,18.0,,15.0,16.0,15.0,,,15.0,,,,,,Cameron Carr,"6'5.75""",77.75,184.0,NBA Draft Room mock;Tankathon,7-0 3/4,84.75,,,,104.0,Cameron Carr,Cameron Carr,76.5,184.4,84.75,104.0,38.0,42.5,10.46,2.8,3.17,15.5,21.6,22.444444444444446,6.888888888888889,3.111111111111111,1.0,1.5555555555555556,,25.3,guard,,,,18.435218062776986,19.816875167078692,21.2514591090076,20.49206208138776,19.34834454886364,20.276712358926794,0.04484228726765152,0.20254416111885343,0.434783129864015,0.26554955803435454,0.05228086371512536,1.1756503727730014,15,Tier 4: rotation upside,Allen Crabbe; Reggie Jackson; Will Barton; Immanuel Quickley; Morris Almond,24.5,24.0,25.32,starter; starter; starter; starter; bench
21.0,Dailyn Swain,SG/SF,Texas,"6'7.75""",78.5,211.2,Junior,20.9,17.3,7.5,3.6,0.3,1.6,19.0,8.3,3.9,0.3,1.8,0.636,24.6,6.9,3.6,10.5,Tankathon,dailyn swain,Dailyn Swain,8,20.0,20.0,3.840572873934304,13,25,Bleacher Report mock;CBS mock;CBS prospect rankings;NBA Draft Room big board;Rookie Scale consensus;Tankathon;Tankathon mock;The Ringer big board,21.0,22.0,25.0,25.0,19.0,17.0,18.0,,13.0,32.7,17.3,7.5,3.6,54.2,Dailyn Swain,"6'7.75""",79.75,211.0,NBA Draft Room mock;Tankathon,6-10,82.0,,,,104.5,Dailyn Swain,Dailyn Swain,78.5,211.2,82.0,104.5,28.0,36.5,11.25,3.08,3.21,20.0,20.9,21.11111111111111,9.222222222222223,4.333333333333333,2.0,0.3333333333333333,,24.6,wing,,,,20.663545840484925,21.98108688473276,23.44446623753685,23.39589487454503,21.550015099674027,23.194476238960068,0.05714507754052155,0.14427656161500282,0.41458308287995377,0.33194345660693464,0.05205182135758747,1.12520158267861,16,Tier 4: rotation upside,Kyle Korver; Luke Jackson; Mike Miller; Ryan Gomes; Reyshawn Terry,25.4,9.9,27.32,starter; bench; starter; starter; bust
15.0,Hannes Steinbach,PF,Washington,"6'11.5""",82.25,248.0,Freshman,20.1,18.5,11.8,1.6,1.2,1.1,19.3,12.2,1.6,1.3,1.1,0.636,23.9,7.7,2.4,10.1,Tankathon,hannes steinbach,Hannes Steinbach,8,16.125,16.0,2.9764702249476644,10,21,Bleacher Report mock;CBS mock;CBS prospect rankings;NBA Draft Room big board;Rookie Scale consensus;Tankathon;Tankathon mock;The Ringer big board,15.0,15.0,16.0,18.0,10.0,18.0,16.0,,21.0,34.6,18.5,11.8,1.6,57.7,Hannes Steinbach,"6'11.5""",83.5,248.0,NBA Draft Room mock;On3 combine measurements;Tankathon,7-2 1/4,86.25,6’10.25″,82.25,9’0″,108.0,Hannes Steinbach,Hannes Steinbach,82.25,248.0,86.25,108.0,30.0,35.5,10.9,2.89,3.38,16.125,20.1,21.444444444444446,13.555555555555555,1.777777777777778,1.2222222222222223,1.4444444444444446,,23.9,forward_big,,,,16.46911119720716,18.05903103213133,20.212369428695744,21.2271476045142,18.08328727895353,19.10097274596449,0.03924528751961612,0.22235602819917408,0.5206977197447774,0.1878234039167775,0.029877560619654915,1.065225515212481,17,Tier 4: rotation upside,Jakob Poeltl; Bobby Portis; Justin Patton; Domantas Sabonis; Zeke Nnaji,21.5,13.4,26.9,rotation; rotation; bench; starter; bench
20.0,Bennett Stirtz,PG,Iowa,"6'3.75""",74.5,186.2,Senior,22.7,19.8,2.6,4.4,0.2,1.4,18.9,2.5,4.2,0.2,1.3,0.607,26.9,7.7,2.5,10.2,Tankathon,bennett stirtz,Bennett Stirtz,8,19.75,19.5,1.920286436967152,16,23,Bleacher Report mock;CBS mock;CBS prospect rankings;NBA Draft Room big board;Rookie Scale consensus;Tankathon;Tankathon mock;The Ringer big board,20.0,19.0,19.0,21.0,23.0,19.0,21.0,,16.0,37.8,19.8,2.6,4.4,47.7,Bennett Stirtz,"6'3.75""",75.75,186.0,NBA Draft Room mock;On3 combine measurements;Tankathon,6-6 –,78.0,6’2.5″,74.5,8’2.5″,98.5,Bennett Stirtz,Bennett Stirtz,74.5,186.2,78.0,98.5,30.5,37.5,11.25,2.91,3.17,19.75,22.7,21.0,2.7777777777777777,4.666666666666667,1.4444444444444446,0.22222222222222224,,26.9,guard,,,,17.86761923356267,19.271683106981172,20.309652470101664,21.327775427696697,18.884624781926043,19.768373188790072,0.04913061177490627,0.24943935035606427,0.4807909565521275,0.19948216646459294,0.02115691485230915,1.0412158636019355,18,Tier 4: rotation upside,Tyshawn Taylor; Marcus Denmon; Toney Douglas; Nolan Smith; Derrick White,9.9,8.0,23.900000000000002,bench; bust; rotation; bench; starter
24.0,Ebuka Okorie,PG,Stanford,"6'2.5""",73.25,186.0,Freshman,19.2,23.2,3.6,3.6,0.3,1.6,23.8,3.7,3.7,0.3,1.6,0.589,31.0,8.4,2.2,10.6,Tankathon,ebuka okorie,Ebuka Okorie,8,22.5,23.5,2.8284271247461903,16,26,Bleacher Report mock;CBS mock;CBS prospect rankings;NBA Draft Room big board;Rookie Scale consensus;Tankathon;Tankathon mock;The Ringer big board,24.0,24.0,24.0,16.0,21.0,23.0,26.0,,22.0,35.0,23.2,3.6,3.6,46.5,Ebuka Okorie,"6'2.5""",74.5,186.0,NBA Draft Room mock;Tankathon,6-7 3/4 –,79.75,,,,98.0,Ebuka Okorie,Ebuka Okorie,73.25,186.0,79.75,98.0,31.5,37.5,10.71,2.96,3.26,22.5,19.2,26.444444444444446,4.111111111111112,4.111111111111112,1.777777777777778,0.3333333333333333,,31.0,guard,,,,19.221608343983803,20.884475312148922,22.936685649007202,21.57097019458617,21.65642087436859,19.184642726464254,0.05864748978882194,0.1880018190849088,0.35336113511272976,0.3608703146035647,0.03911924140997471,1.0309049534412782,19,Tier 4: rotation upside,DAngelo Russell; Markelle Fultz; Gary Harris; Malik Monk; Alec Burks,26.2,22.8,29.18,starter; starter; starter; rotation; rotation
17.0,Morez Johnson Jr.,PF,Michigan,"6'10.25""",81.0,250.6,Sophomore,20.4,13.1,7.3,1.2,1.1,0.7,18.8,10.5,1.7,1.6,1.0,0.677,21.3,6.4,5.4,11.8,Tankathon,morez johnson,Morez Johnson Jr.,6,18.166666666666668,17.0,3.2360813064912666,14,23,Bleacher Report mock;NBA Draft Room big board;Rookie Scale consensus;Tankathon;Tankathon mock;The Ringer big board,17.0,16.0,,17.0,14.0,22.0,,,23.0,,,,,,Morez Johnson Jr.,"6'10.25""",82.25,251.0,NBA Draft Room mock;Tankathon,7-3 1/2,87.5,,,,107.0,Morez Johnson Jr.,Morez Johnson,81.0,250.6,87.5,107.0,33.5,39.0,10.59,2.91,3.17,18.166666666666668,20.4,20.88888888888889,11.666666666666668,1.8888888888888888,1.1111111111111112,1.777777777777778,,21.3,forward_big,,,,16.704545837908856,18.180462845610016,19.848003738567527,19.675823008500707,18.352390026232236,19.19915730492641,0.03701928463971636,0.2407570425633729,0.6147850518439478,0.08592355197878018,0.02151506897418273,1.0174851116445447,20,Tier 4: rotation upside,Jakob Poeltl; Justin Patton; Chinanu Onuaku; Bam Adebayo; Montrezl Harrell,20.5,13.4,26.48,rotation; bench; bench; starter; rotation
23.0,Allen Graves,PF,Santa Clara,"6'9""",79.75,225.6,Freshman,19.9,11.8,6.5,1.8,0.9,1.9,18.8,10.4,2.9,1.5,3.0,0.613,21.9,8.7,4.7,13.4,Tankathon,allen graves,Allen Graves,8,22.625,23.0,3.5333235062756425,18,28,Bleacher Report mock;CBS mock;CBS prospect rankings;NBA Draft Room big board;Rookie Scale consensus;Tankathon;Tankathon mock;The Ringer big board,23.0,23.0,28.0,20.0,18.0,24.0,27.0,,18.0,22.6,11.8,6.5,1.8,51.2,Allen Graves,"6'9""",81.0,226.0,Tankathon,,84.0,,,,106.5,Allen Graves,Allen Graves,79.75,225.6,84.0,106.5,27.5,34.0,11.76,3.18,3.44,22.625,19.9,20.88888888888889,11.555555555555557,3.2222222222222223,3.3333333333333335,1.6666666666666667,,21.9,forward_big,,,,17.713370714433257,20.663135895403517,22.902962381366358,21.440582577348117,19.57687955664001,22.789824562716547,0.0645601816999715,0.15243576413251186,0.3967995967213632,0.31871658516245566,0.06748787228369783,1.0098092907521128,21,Tier 4: rotation upside,Chuma Okeke; Jae Crowder; Otto Porter; Victor Oladipo; Jordan Adams,25.1,22.2,29.48,rotation; starter; starter; starter; bench
22.0,Christian Anderson,PG,Texas Tech,"6'2.25""",72.75,180.4,Sophomore,20.2,18.5,3.6,7.4,0.2,1.5,17.4,3.4,6.9,0.2,1.4,0.626,23.8,7.1,2.3,9.4,Tankathon,christian anderson,Christian Anderson,6,22.83333333333333,21.5,3.435921354681384,19,28,Bleacher Report mock;NBA Draft Room big board;Rookie Scale consensus;Tankathon;Tankathon mock;The Ringer big board,22.0,20.0,,19.0,27.0,21.0,,,28.0,,,,,,Christian Anderson,"6'2.25""",74.25,180.0,NBA Draft Room mock;On3 combine measurements;Tankathon,6-6 1/4 –,78.25,6’0.75″,72.75,8’0.5″,96.5,Christian Anderson,Christian Anderson,73.0,180.4,78.25,96.5,31.0,40.5,10.85,2.85,3.18,22.83333333333333,20.2,19.333333333333332,3.7777777777777777,7.666666666666667,1.5555555555555556,0.22222222222222224,,23.8,guard,,,,18.588452742612844,20.35167222998283,21.971517231875634,21.401813854802224,19.350268340513093,21.050187833531183,0.05773226858139758,0.23932837480432073,0.33099986407779736,0.34180749701957885,0.030131995516905343,0.992861078258682,22,Tier 4: rotation upside,Jonny Flynn; John Wall; Jeff Teague; Darren Collison; Edmond Sumner,26.8,22.9,32.66,rotation; star; starter; starter; bench
16.0,Chris Cenac Jr.,PF/C,Houston,"6'11.5""",82.25,239.6,Freshman,19.4,9.5,7.9,0.7,0.5,0.8,13.8,11.4,1.1,0.7,1.1,0.546,19.9,3.7,3.8,7.5,Tankathon,chris cenac,Chris Cenac Jr.,7,19.857142857142858,21.0,2.8996833043120627,15,23,Bleacher Report mock;CBS mock;CBS prospect rankings;NBA Draft Room big board;Rookie Scale consensus;Tankathon;Tankathon mock,16.0,21.0,22.0,22.0,15.0,20.0,23.0,,,24.8,9.5,7.9,0.7,48.5,Chris Cenac Jr.,"6'11.5""",83.5,240.0,NBA Draft Room mock;On3 combine measurements;Tankathon,7-5,89.0,6’10.25″,82.25,9’0.5″,108.5,Chris Cenac Jr.,Chris Cenac Jr.,82.25,239.6,89.0,108.5,33.0,37.0,10.76,2.84,3.27,19.857142857142858,19.4,15.333333333333334,12.666666666666668,1.2222222222222223,1.2222222222222223,0.7777777777777778,,19.9,big,,,,16.531904699932372,18.15101165938433,19.7066602348969,19.090591495716108,17.734874659666776,17.389633046890026,0.07757561387008795,0.37381045317579065,0.3119137004312942,0.1926424030546312,0.04405782946819595,0.9793373882499106,23,Tier 4: rotation upside,Kevon Looney; Tony Bradley; Trey Lyles; Noah Vonleh; Jarrett Allen,18.0,16.2,23.96,rotation; bench; rotation; rotation; starter
25.0,Koa Peat,PF,Arizona,"6'8.25""",79.0,245.0,Freshman,19.4,14.1,5.6,2.6,0.7,0.6,18.3,7.3,3.3,0.9,0.8,0.557,24.5,4.8,3.9,8.8,Tankathon,koa peat,Koa Peat,8,24.375,25.0,2.8256636388643286,18,27,Bleacher Report mock;CBS mock;CBS prospect rankings;NBA Draft Room big board;Rookie Scale consensus;Tankathon;Tankathon mock;The Ringer big board,25.0,25.0,18.0,27.0,25.0,27.0,22.0,,26.0,27.8,14.1,5.6,2.6,52.8,Koa Peat,"6'8.25""",80.25,245.0,NBA Draft Room mock;Tankathon,6-11 1/4,83.25,,,,104.0,Koa Peat,Koa Peat,79.0,245.0,83.25,104.0,34.5,37.5,11.0,3.39,3.16,24.375,19.4,20.333333333333336,8.11111111111111,3.6666666666666665,0.888888888888889,1.0,,24.5,forward_big,,,,19.15890944505776,20.343580158017467,21.424935556132226,18.492401299308906,20.558349288466157,19.680781157451516,0.05930493030623288,0.2039902379753177,0.3811782242106767,0.30008399232480987,0.055442615182962805,0.9626284434876915,24,Tier 4: rotation upside,Jeremiah Robinson-Earl; Miles Bridges; Tobias Harris; Julius Randle; Ignas Brazdeikis,29.8,19.2,31.84,rotation; starter; starter; starter; bench
28.0,Meleek Thomas,SG/PG,Arkansas,"6'4.25""",75.0,189.6,Freshman,19.9,15.6,3.8,2.5,0.2,1.5,18.5,4.5,2.9,0.2,1.8,0.559,23.6,4.8,2.3,7.0,Tankathon,meleek thomas,Meleek Thomas,8,27.5,28.0,2.345207879911715,24,32,Bleacher Report mock;CBS mock;CBS prospect rankings;NBA Draft Room big board;Rookie Scale consensus;Tankathon;Tankathon mock;The Ringer big board,28.0,28.0,32.0,24.0,26.0,28.0,29.0,,25.0,30.5,15.6,3.8,2.5,43.3,Meleek Thomas,"6'4.25""",76.25,190.0,Tankathon,,78.75,,,,100.0,Meleek Thomas,Meleek Thomas,75.0,189.6,78.75,100.0,31.5,38.0,11.57,2.97,3.22,27.5,19.9,20.555555555555557,5.0,3.2222222222222223,2.0,0.22222222222222224,,23.6,guard,,,,19.180319811859697,20.923633201413693,22.503261518317437,19.55465334833003,19.9032283000805,19.54076426032043,0.05182452085291652,0.31501870828887935,0.32558983911609696,0.2548758960861306,0.052691035655976604,0.9170277410246419,25,Tier 5: first-round value,Malik Beasley; Bradley Beal; Gary Harris; Eric Bledsoe; Jared Cunningham,27.8,22.6,32.0,rotation; star; starter; starter; bust
29.0,Henri Veesaar,C,North Carolina,"7'0.5""",83.25,227.2,Junior,22.2,17.0,8.7,2.1,1.2,0.6,19.5,10.0,2.4,1.4,0.7,0.664,23.3,7.0,3.8,10.7,Tankathon,henri veesaar,Henri Veesaar,8,24.75,25.0,3.897114317029974,17,30,Bleacher Report mock;CBS mock;CBS prospect rankings;NBA Draft Room big board;Rookie Scale consensus;Tankathon;Tankathon mock;The Ringer big board,29.0,27.0,23.0,30.0,22.0,25.0,25.0,,17.0,31.3,17.0,8.7,2.1,60.8,Henri Veesaar,"7'0.5""",84.5,227.0,Tankathon,,86.0,,,,111.0,Henri Veesaar,Henri Veesaar,83.25,227.2,86.0,111.0,28.0,32.5,11.2,2.92,3.42,24.75,22.2,21.666666666666668,11.11111111111111,2.6666666666666665,0.7777777777777778,1.5555555555555556,,23.3,big,,,,17.17506636684509,18.680597230151022,20.036810361387833,16.467282729511055,18.64267835184749,17.90119216925382,0.06945887720677217,0.30412883460433227,0.4907389549960347,0.10592000552761975,0.02975332766524113,0.8702976838579014,26,Tier 5: first-round value,Jakob Poeltl; Justin Harper; Mason Plumlee; Jeff Pendergraph; Tyler Zeller,17.5,9.8,22.16,rotation; bust; rotation; bench; rotation
19.0,Jayden Quaintance,PF/C,Kentucky,"6'10.25""",81.0,253.4,Sophomore,18.9,5.0,5.0,0.5,0.8,0.5,10.7,10.7,1.1,1.6,1.1,0.496,19.2,0.0,1.8,1.9,Tankathon,jayden quaintance,Jayden Quaintance,6,19.166666666666668,18.0,5.145116346811044,12,28,Bleacher Report mock;NBA Draft Room big board;Rookie Scale consensus;Tankathon;Tankathon mock;The Ringer big board,19.0,17.0,,23.0,28.0,16.0,,,12.0,,,,,,Jayden Quaintance,"6'10.25""",82.25,253.0,NBA Draft Room mock;On3 combine measurements;Tankathon,7-5 1/4,89.25,6’9″,81.0,9’1″,109.0,Jayden Quaintance,Jayden Quaintance,81.0,253.4,89.25,109.0,,,,,,19.166666666666668,18.9,11.88888888888889,11.88888888888889,1.2222222222222223,1.2222222222222223,1.777777777777778,,19.2,big,,,,12.856174288568399,14.859382869034544,17.470756107512326,18.62793574564008,14.157104387458,17.436324752840044,0.03938984675931102,0.4712497088732966,0.23977991470984258,0.21563425568260158,0.03394627397494816,0.8298566275013682,27,Tier 5: first-round value,Stephen Zimmerman; Ike Anigbogu; Harry Giles; Andre Drummond; Jarrett Allen,12.4,5.7,27.68,bust; bust; bench; starter; starter
27.0,Joshua Jefferson,PF/SF,Iowa State,"6'9""",79.75,246.2,Senior,22.6,16.4,7.4,4.8,0.8,1.6,19.1,8.6,5.6,1.0,1.9,0.56,27.6,7.0,6.1,13.0,Tankathon,joshua jefferson,Joshua Jefferson,7,29.142857142857142,30.0,4.15515416349971,20,33,Bleacher Report mock;CBS prospect rankings;NBA Draft Room big board;Rookie Scale consensus;Tankathon;Tankathon mock;The Ringer big board,27.0,32.0,30.0,33.0,32.0,30.0,,,20.0,30.8,16.4,7.4,4.8,47.1,Joshua Jefferson,"6'9""",81.0,246.0,Tankathon,,82.75,,,,104.5,Joshua Jefferson,Joshua Jefferson,79.75,246.2,82.75,104.5,27.0,33.0,11.91,3.08,3.42,29.142857142857142,22.6,21.222222222222225,9.555555555555555,6.222222222222222,2.111111111111111,1.1111111111111112,,27.6,wing,,,,17.591066411976943,19.79217915174151,21.2943962760294,21.056350971921866,18.98198473035195,21.494880572694008,0.05941343582840257,0.2944381356289127,0.3724476302697866,0.2490510968683795,0.02464970140451866,0.8070584434901886,28,Tier 5: first-round value,Draymond Green; Lamar Patterson; Desmond Bane; Josh Hart; Kris Dunn,28.3,23.4,28.82,starter; bench; starter; starter; rotation
26.0,Isaiah Evans,SF,Duke,"6'6.75""",77.5,186.0,Sophomore,20.5,15.0,3.2,1.3,0.7,0.7,19.2,4.1,1.6,0.8,0.9,0.59,24.9,6.5,3.3,9.8,Tankathon,isaiah evans,Isaiah Evans,6,27.166666666666668,26.0,2.852873794770615,24,33,Bleacher Report mock;NBA Draft Room big board;Rookie Scale consensus;Tankathon;Tankathon mock;The Ringer big board,26.0,26.0,,28.0,33.0,26.0,,,24.0,,,,,,Isaiah Evans,"6'6.75""",78.75,186.0,Tankathon,,80.75,,,,104.5,Isaiah Evans,Isaiah Evans,77.5,186.0,80.75,104.5,27.0,35.5,11.87,2.89,3.18,27.166666666666668,20.5,21.333333333333332,4.555555555555555,1.777777777777778,1.0,0.888888888888889,,24.9,wing,,,,16.472189063949756,18.077783655814144,19.10129262780477,18.020126740079068,18.367017545132143,18.51865487604788,0.06893160444337727,0.2841060782086799,0.4176499179849146,0.20933622759651405,0.01997617176651416,0.7991845320363244,29,Tier 5: first-round value,Ben McLemore; Jeremy Lamb; Immanuel Quickley; Allen Crabbe; Morris Almond,22.5,20.8,24.3,rotation; rotation; starter; starter; bench
30.0,Tarris Reed Jr.,C,UConn,"6'11""",81.75,263.6,Senior,22.9,14.7,9.0,2.3,2.0,0.9,19.4,11.8,3.0,2.6,1.2,0.614,26.1,6.7,6.1,12.9,Tankathon,tarris reed,Tarris Reed Jr.,8,28.125,30.0,3.919103851647721,20,32,Bleacher Report mock;CBS mock;CBS prospect rankings;NBA Draft Room big board;Rookie Scale consensus;Tankathon;Tankathon mock;The Ringer big board,30.0,31.0,27.0,32.0,20.0,31.0,24.0,,30.0,27.3,14.7,9.0,2.3,60.7,Tarris Reed Jr.,"6'11""",83.0,264.0,NBA Draft Room mock;Tankathon,7-4 1/4,88.25,,,,110.0,Tarris Reed Jr.,Tarris Reed Jr.,81.75,263.6,88.25,110.0,29.5,33.0,11.03,2.77,3.3,28.125,22.9,21.555555555555554,13.111111111111112,3.3333333333333335,1.3333333333333333,2.8888888888888893,,26.1,big,,,,14.541258779464593,16.276202644716122,18.704709905029727,15.967180230122285,15.085548995183022,16.99624818111159,0.10439943151169395,0.26365197031208915,0.49968120324433357,0.11577357038303414,0.016493824548849047,0.686914121625331,30,Tier 5: first-round value,Tyler Zeller; Rakeem Christmas; Andrew Nicholson; Jerome Jordan; Neemias Queta,9.7,7.5,16.22,rotation; bust; bench; bust; bench
33.0,Zuby Ejiofor,PF,St. John's,"6'8.75""",79.5,245.2,Senior,22.2,16.3,7.3,3.5,2.1,1.2,19.6,8.8,4.3,2.6,1.4,0.609,24.8,8.5,6.0,14.5,Tankathon,zuby ejiofor,Zuby Ejiofor,7,30.714285714285715,30.0,1.577908716741037,29,33,Bleacher Report mock;CBS mock;CBS prospect rankings;NBA Draft Room big board;Rookie Scale consensus;Tankathon;Tankathon mock,33.0,30.0,29.0,31.0,29.0,33.0,30.0,,,29.9,16.3,7.3,3.5,53.6,Zuby Ejiofor,"6'8.75""",80.75,245.0,NBA Draft Room mock;Tankathon,7-2,86.0,,,,107.0,Zuby Ejiofor,Zuby Ejiofor,79.5,245.2,86.0,107.0,34.0,38.0,11.05,2.76,3.2,30.714285714285715,22.2,21.77777777777778,9.777777777777779,4.777777777777778,1.5555555555555556,2.8888888888888893,,24.8,forward_big,,,,14.448798671234883,16.93167045538991,19.108229012510666,15.529718365437072,16.64087173136914,18.556321001186355,0.08886408239377595,0.2828581140977303,0.41303715784896555,0.18789431814707677,0.02734632751245134,0.6806080844036047,31,Honorable mention,Grant Williams; Draymond Green; Frank Kaminsky; Xavier Tillman; Neemias Queta,19.8,17.6,25.94,rotation; starter; rotation; rotation; bench
34.0,Luigi Suigo,C,KK Mega Basket,"7'4""",86.75,289.0,International,19.4,8.5,5.3,0.9,1.0,0.5,16.9,10.6,1.7,2.0,0.9,0.607,19.0,,,,Tankathon,luigi suigo,Luigi Suigo,6,30.33333333333333,31.5,4.268749491621899,24,35,Bleacher Report mock;NBA Draft Room big board;Rookie Scale consensus;Tankathon;Tankathon mock;The Ringer big board,34.0,35.0,,26.0,24.0,34.0,,,29.0,,,,,,Luigi Suigo,"7'4""",88.0,289.0,NBA Draft Room mock;Tankathon,7-5 1/2 –,89.5,,,,114.0,Luigi Suigo,Luigi Suigo,86.75,289.0,89.5,114.0,,,,,,30.33333333333333,19.4,18.77777777777778,11.777777777777779,1.8888888888888888,1.0,2.2222222222222223,,19.0,big,,,,14.31699396243039,17.10211654307965,20.873162098340508,15.426086414325072,16.259429514667854,15.4849355044524,0.15969200528400723,0.39575480196695273,0.2093477157798468,0.17317223214117566,0.062033244828017656,0.6636219081312361,32,Honorable mention,Tiny Gallon; Dakari Johnson; Tony Bradley; Meyers Leonard; Thomas Bryant,11.1,5.2,17.64,bust; bust; bench; rotation; rotation
32.0,Alex Karaban,SF/PF,UConn,"6'8""",78.75,225.2,Senior,23.6,13.2,5.3,2.4,0.8,0.8,13.8,5.5,2.5,0.9,0.9,0.59,18.4,5.4,3.6,9.0,Tankathon,alex karaban,Alex Karaban,6,31.5,31.5,2.0615528128088303,29,34,Bleacher Report mock;CBS prospect rankings;NBA Draft Room big board;Rookie Scale consensus;Tankathon;Tankathon mock,32.0,29.0,31.0,34.0,34.0,29.0,,,,34.4,13.2,5.3,2.4,46.4,Alex Karaban,"6'8""",80.0,225.0,Tankathon,,83.0,,,,104.5,Alex Karaban,Alex Karaban,78.75,225.2,83.0,104.5,28.0,33.0,11.19,3.01,3.28,31.5,23.6,15.333333333333334,6.111111111111112,2.7777777777777777,1.0,1.0,,18.4,wing,,,,15.115362049782847,16.548809067364665,18.49962134016174,15.143654622886343,17.6187011632648,19.017036382608353,0.0945127148042177,0.3192755201876702,0.40868754399276475,0.1457363385622082,0.031787882453139175,0.639410669849134,33,Honorable mention,Isaiah Livers; Devon Hall; Terance Mann; Darius Miller; Solomon Hill,21.5,19.8,21.86,rotation; bust; rotation; rotation; rotation
36.0,Ryan Conwell,SG,Louisville,"6'3.25""",74.0,214.8,Senior,22.0,18.8,4.8,2.7,0.2,1.1,21.9,5.6,3.1,0.2,1.3,0.566,29.5,5.1,2.2,7.3,Tankathon,ryan conwell,Ryan Conwell,6,37.0,36.0,4.281744192888376,32,46,Bleacher Report mock;CBS prospect rankings;NBA Draft Room big board;Rookie Scale consensus;Tankathon;Tankathon mock,36.0,36.0,36.0,46.0,36.0,32.0,,,,31.0,18.8,4.8,2.7,40.8,Ryan Conwell,"6'3.25""",75.25,215.0,Tankathon,,79.0,,,,96.5,Ryan Conwell,Ryan Conwell,74.0,214.8,79.0,96.5,32.5,39.5,10.69,2.86,3.21,37.0,22.0,24.333333333333332,6.222222222222222,3.4444444444444446,1.4444444444444446,0.22222222222222224,,29.5,guard,,,,14.15620622679958,15.335070681788823,16.779498785666526,15.207377452179678,15.030130625028777,15.818521553975964,0.1614991788911497,0.27367238082802786,0.36079707825621027,0.1751202302979807,0.028911131726631515,0.42714173045020537,34,Honorable mention,Jordan Crawford; Darius Johnson-Odom; Dominique Jones; Shelvin Mack; James Anderson,17.5,9.3,22.0,starter; bust; bench; rotation; rotation
40.0,Baba Miller,SF,Cincinnati,"6'11.75""",82.5,208.2,Senior,22.4,13.0,10.3,3.7,1.2,0.7,14.7,11.7,4.2,1.3,0.8,0.576,21.1,3.7,5.8,9.4,Tankathon,baba miller,Baba Miller,6,37.0,37.0,2.0816659994661326,34,40,Bleacher Report mock;CBS prospect rankings;NBA Draft Room big board;Rookie Scale consensus;Tankathon;Tankathon mock,40.0,34.0,37.0,35.0,39.0,37.0,,,,31.9,13.0,10.3,3.7,52.9,Baba Miller,"6'11.75""",83.75,208.0,Tankathon,,85.75,,,,111.0,Baba Miller,Baba Miller,82.5,208.2,85.75,111.0,31.5,34.5,10.71,2.7,3.23,37.0,22.4,16.333333333333332,13.0,4.666666666666667,0.888888888888889,1.4444444444444446,,21.1,wing,,,,12.173676703921124,14.154634929247752,15.694265206938741,15.750640292041508,14.000110101094359,15.386592880997215,0.16619899212414113,0.4611717412251373,0.2795871049197936,0.07937162603827957,0.01367053569264829,0.4048326704854761,35,Honorable mention,Jabari Smith; Vince Edwards; Jarron Collins; Aaron Gray; Earl Clark,12.1,9.8,15.040000000000001,bench; bust; rotation; bench; bench
,,,,,71.75,181.8,,,,,,,,,,,,,,,,,,,jakobi gillespie,Ja’kobi Gillespie,1,40.0,40.0,0.0,40,40,NBA Draft Room big board,,,,,40.0,,,,,,,,,,,,,,,,76.0,,,,95.5,Ja’kobi Gillespie,Jakobi Gillespie,71.75,181.8,76.0,95.5,31.5,39.5,10.94,2.91,3.12,40.0,,,,,,,,,unknown,,,,13.661422343862128,15.069893318072141,16.341915959612624,12.22898503599163,15.653904367048971,12.911178000167133,0.19226425657927484,0.23790030091551584,0.4276626480803009,0.11358578226848741,0.028587012156421007,0.3962436864991464,36,Honorable mention,Ray McCallum; Tyler Dorsey; Marcus Denmon; Demetrius Jackson; Nick Johnson,9.4,5.2,17.2,rotation; rotation; bust; bust; bench
35.0,Richie Saunders,SG,BYU,"6'6.25""",77.0,204.8,Senior,24.8,18.0,5.8,2.1,0.3,1.7,20.7,6.6,2.4,0.3,2.0,0.632,24.5,7.8,2.9,10.7,Tankathon,richie saunders,Richie Saunders,6,38.66666666666666,36.5,4.714045207910317,35,48,Bleacher Report mock;CBS prospect rankings;NBA Draft Room big board;Rookie Scale consensus;Tankathon;Tankathon mock,35.0,38.0,35.0,41.0,48.0,35.0,,,,31.4,18.0,5.8,2.1,48.9,Richie Saunders,"6'6.25""",78.25,205.0,Tankathon,,80.75,,,,102.5,Richie Saunders,Richie Saunders,77.0,204.8,80.75,102.5,,,,,,38.66666666666666,24.8,23.0,7.333333333333333,2.6666666666666665,2.2222222222222223,0.3333333333333333,,24.5,guard,,,,13.709313025050852,15.659338598809313,17.392747387865636,14.19138297952479,15.786493367429879,17.972258492173705,0.18156768877069093,0.39141508354930915,0.3139115891311187,0.09461790961564996,0.018487728933231137,0.39489873520847874,37,Honorable mention,Chris Duarte; Cameron Johnson; Sam Merrill; Michael Gbinije; Quinndary Weatherspoon,11.7,6.5,23.759999999999998,rotation; starter; bench; bust; bust
31.0,Sergio de Larrea,PG/SG,Valencia,"6'6""",78.0,198.0,International,20.5,7.1,2.2,2.8,0.2,0.5,17.7,5.3,7.0,0.6,1.1,0.596,22.2,,,,Tankathon,sergio de larrea,Sergio de Larrea,5,37.2,33.0,8.726969691708572,29,53,Bleacher Report mock;NBA Draft Room big board;Rookie Scale consensus;Tankathon;Tankathon mock,31.0,33.0,,29.0,53.0,40.0,,,,,,,,,Sergio de Larrea,"6'6""",78.0,198.0,Tankathon,,,,,,,Sergio de Larrea,,,,,,,,,,,37.2,20.5,19.666666666666668,5.888888888888889,7.777777777777779,1.2222222222222223,0.6666666666666666,,22.2,guard,,,,14.612085390561013,15.718785179409128,16.753858836456207,15.757753268497762,15.198396048899504,16.01988167301329,0.14202779993475206,0.27187280876406955,0.4234200263249572,0.13296338449129322,0.029715980484928073,0.3832183683100359,38,Honorable mention,Wade Baldwin; Donte DiVincenzo; Landry Shamet; Shai Gilgeous-Alexander; Derrick Rose,24.1,22.2,32.76,bench; starter; rotation; starter; starter
39.0,Trevon Brazile,PF,Arkansas,"6'10.75""",81.5,225.6,Senior,23.4,13.0,7.3,1.6,1.6,1.5,14.9,8.4,1.8,1.8,1.7,0.619,17.6,5.4,3.9,9.3,Tankathon,trevon brazile,Trevon Brazile,6,37.66666666666666,38.0,1.699673171197595,35,40,Bleacher Report mock;CBS prospect rankings;NBA Draft Room big board;Rookie Scale consensus;Tankathon;Tankathon mock,39.0,40.0,38.0,36.0,35.0,38.0,,,,31.5,13.1,7.3,1.5,52.6,Trevon Brazile,"6'10.75""",82.75,226.0,Tankathon,,87.75,,,,109.0,Trevon Brazile,Trevon Brazile,81.5,225.6,87.75,109.0,36.0,41.5,10.84,2.71,3.14,37.66666666666666,23.4,16.555555555555557,9.333333333333334,2.0,1.8888888888888888,2.0,,17.6,forward_big,,,,12.205974050170195,13.528339902820896,15.079324701343062,11.052845601319383,13.143897093394523,14.262844659717238,0.23405642078195385,0.3159867430945685,0.372343276535572,0.059950159416736024,0.017663400171169557,0.36704272138790606,39,Honorable mention,Gorgui Dieng; Wesley Johnson; Quincy Acy; Willie Cauley-Stein; Robert Dozier,20.1,16.0,22.060000000000002,rotation; rotation; rotation; rotation; bust
38.0,Jaden Bradley,PG,Arizona,"6'3.75""",74.5,205.4,Senior,22.8,13.3,3.4,4.4,0.1,1.4,15.6,4.0,5.1,0.1,1.7,0.568,20.9,3.7,5.3,9.0,Tankathon,jaden bradley,Jaden Bradley,6,39.16666666666666,40.0,4.13991411612474,31,44,Bleacher Report mock;CBS prospect rankings;NBA Draft Room big board;Rookie Scale consensus;Tankathon;Tankathon mock,38.0,39.0,41.0,44.0,31.0,42.0,,,,30.5,13.3,3.4,4.4,46.3,Jaden Bradley,"6'3.75""",75.75,205.0,Tankathon,,78.25,,,,96.0,Jaden Bradley,Jaden Bradley,74.5,205.4,78.25,96.0,30.5,36.0,10.75,3.13,3.2,39.16666666666666,22.8,17.333333333333332,4.444444444444445,5.666666666666667,1.8888888888888888,0.11111111111111112,,20.9,guard,,,,13.165165654214857,15.016430277431736,17.248073353358674,14.98737104545211,15.57436023894002,17.374846616889624,0.172678392107598,0.3562402261929229,0.31051051876805724,0.15059463233320028,0.009976230598221784,0.3628468097317427,40,Honorable mention,Jerian Grant; Joe Harris; Michael Gbinije; Nigel Williams-Goss; Grayson Allen,17.9,5.0,24.58,rotation; starter; bust; bust; starter
42.0,Otega Oweh,SG,Kentucky,"6'5.5""",76.25,216.0,Senior,22.9,18.6,4.8,2.7,0.3,1.8,20.5,5.3,2.9,0.3,2.0,0.554,28.4,4.0,3.4,7.4,Tankathon,otega oweh,Otega Oweh,6,42.333333333333336,42.5,2.3570226039551585,39,46,Bleacher Report mock;CBS prospect rankings;NBA Draft Room big board;Rookie Scale consensus;Tankathon;Tankathon mock,42.0,46.0,40.0,43.0,44.0,39.0,,,,32.7,18.6,4.8,2.7,46.5,Otega Oweh,"6'5.5""",77.5,216.0,Tankathon,,80.25,,,,101.0,Otega Oweh,Otega Oweh,76.25,216.0,80.25,101.0,31.0,37.0,11.2,2.86,3.17,42.333333333333336,22.9,22.77777777777778,5.888888888888889,3.2222222222222223,2.2222222222222223,0.3333333333333333,,28.4,guard,,,,12.835298437643106,14.840162577827329,16.556610015125948,14.480961713210668,14.485643075288635,16.314731086473273,0.21693631101373703,0.2745381463608952,0.36640887126839455,0.11867220579468028,0.023444465562293022,0.30060886495780204,41,Honorable mention,Dominique Jones; Gerald Henderson; Norman Powell; Dwayne Bacon; Jordan Crawford,23.1,19.4,25.299999999999997,bench; starter; rotation; rotation; starter
41.0,Jack Kayil,PG,Alba Berlin,"6'3""",75.0,174.0,International,20.4,12.3,2.9,3.7,0.2,1.0,20.7,4.9,6.2,0.3,1.7,0.534,28.9,,,,Tankathon,jack kayil,Jack Kayil,5,41.6,41.0,4.8,37,50,Bleacher Report mock;NBA Draft Room big board;Rookie Scale consensus;Tankathon;Tankathon mock,41.0,50.0,,37.0,37.0,43.0,,,,,,,,,Jack Kayil,"6'3""",75.0,174.0,Tankathon,,,,,,,Jack Kayil,,,,,,,,,,,41.6,20.4,23.0,5.444444444444445,6.888888888888889,1.8888888888888888,0.3333333333333333,,28.9,guard,,,,13.170245238255644,14.556980460637622,16.142674592541884,15.03716732622918,14.211555265815143,14.765888326848247,0.19406773025644425,0.33542608526876716,0.34451117545862103,0.09142506282996782,0.03456994618619981,0.2761939575868667,42,Honorable mention,DeAaron Fox; Coby White; Dennis Smith Jr; Elfrid Payton; Tre Jones,26.8,23.8,30.84,star; starter; rotation; starter; rotation
50.0,Braden Smith,PG,Purdue,"5'11.5""",70.25,166.6,Senior,22.9,14.3,3.5,8.8,0.2,1.7,14.9,3.7,9.2,0.2,1.8,0.551,24.0,6.8,3.0,9.8,Tankathon,braden smith,Braden Smith,6,42.0,41.0,6.082762530298219,34,50,Bleacher Report mock;CBS prospect rankings;NBA Draft Room big board;Rookie Scale consensus;Tankathon;Tankathon mock,50.0,37.0,34.0,38.0,49.0,44.0,,,,34.5,14.3,3.5,8.8,44.0,Braden Smith,"5'11.5""",71.5,167.0,Tankathon,,75.25,,,,93.5,Braden Smith,Braden Smith,70.25,166.6,75.25,93.5,31.0,38.5,10.76,2.87,3.23,42.0,22.9,16.555555555555557,4.111111111111112,10.222222222222221,2.0,0.22222222222222224,,24.0,guard,,,,11.102881593197088,14.635909262191934,16.68811857527178,14.86995237636922,15.06355374642684,15.796336202768574,0.16233690682484223,0.2690483775412713,0.4582867247401383,0.09955413319046838,0.010773857703279715,0.2538629203767033,43,Honorable mention,Monte Morris; Tyler Ulis; Peyton Siva; Darren Collison; Eric Maynor,20.9,14.6,27.82,starter; rotation; bench; starter; bench
44.0,Ja'Kobi Gillespie,PG,Tennessee,"6'1""",73.0,182.0,Senior,22.3,18.4,2.8,5.4,0.2,2.1,19.1,2.9,5.6,0.2,2.2,0.538,26.9,6.4,4.5,10.9,Tankathon,ja kobi gillespie,Ja'Kobi Gillespie,5,44.8,45.0,1.7204650534085253,42,47,Bleacher Report mock;CBS prospect rankings;Rookie Scale consensus;Tankathon;Tankathon mock,44.0,42.0,45.0,47.0,,46.0,,,,34.6,18.4,2.8,5.4,41.0,Ja'Kobi Gillespie,"6'1""",73.0,182.0,Tankathon,,,,,,,Ja'Kobi Gillespie,,,,,,,,,,,44.8,22.3,21.222222222222225,3.2222222222222223,6.222222222222222,2.4444444444444446,0.22222222222222224,,26.9,guard,,,,11.303015924559828,13.387931273830784,15.554195383278993,13.787620791775417,13.15761546194786,14.899745309134818,0.18464036123166747,0.43737099209875846,0.29069804090626683,0.07933131077460759,0.007959294988699819,0.1875084276807411,44,Honorable mention,Malachi Flynn; Payton Pritchard; Jevon Carter; Roy Devyn; Jared Butler,14.6,10.4,16.48,bench; rotation; rotation; bench; bench
45.0,Emanuel Sharp,SG,Houston,"6'4""",74.75,208.4,Senior,22.3,15.5,3.0,1.7,0.1,1.2,18.9,3.6,2.1,0.1,1.5,0.582,25.0,5.9,4.8,10.7,Tankathon,emanuel sharp,Emanuel Sharp,5,44.2,45.0,1.16619037896906,42,45,Bleacher Report mock;CBS prospect rankings;Rookie Scale consensus;Tankathon;Tankathon mock,45.0,44.0,42.0,45.0,,45.0,,,,29.4,15.5,3.0,1.7,41.3,Emanuel Sharp,"6'4""",76.0,208.0,Tankathon,,75.0,,,,98.5,Emanuel Sharp,Emanuel Sharp,74.75,208.4,75.0,98.5,27.5,33.0,10.77,2.8,3.19,44.2,22.3,21.0,4.0,2.3333333333333335,1.6666666666666667,0.11111111111111112,,25.0,guard,,,,11.082340746037884,12.786885698974055,15.15776310645533,14.133630905906337,13.359374878197917,13.790364156584946,0.23367495650959838,0.3347320156425121,0.348881899424173,0.07475248453811172,0.007958643885604886,0.18370502155159296,45,Honorable mention,Marcus Denmon; Joe Harris; Xavier Thames; Nick Johnson; Luke Kennard,9.4,0.0,23.96,bust; starter; bust; bench; rotation
37.0,Ugonna Onyenso,C,Virginia,"7'0.25""",83.0,236.8,Senior,21.7,6.5,4.9,0.6,2.9,0.6,12.6,9.5,1.1,5.7,1.2,0.616,15.5,4.7,7.6,12.2,Tankathon,ugonna onyenso,Ugonna Onyenso,6,43.5,40.0,8.88350531415762,36,62,Bleacher Report mock;CBS prospect rankings;NBA Draft Room big board;Rookie Scale consensus;Tankathon;Tankathon mock,37.0,41.0,46.0,39.0,62.0,36.0,,,,18.6,6.5,4.9,0.6,56.8,Ugonna Onyenso,"7'0.25""",84.25,237.0,Tankathon,,88.75,,,,113.0,Ugonna Onyenso,Ugonna Onyenso,83.0,236.8,88.75,113.0,27.0,32.0,11.56,3.16,3.25,43.5,21.7,14.0,10.555555555555555,1.2222222222222223,1.3333333333333333,6.333333333333334,,15.5,big,,,,9.29669991575574,10.966629383726588,13.298488645074015,7.65145373017879,10.281295721890949,12.294035852450314,0.248863632279484,0.3143165159850484,0.3875540905606268,0.03461618895449245,0.01464957222034823,0.028371689975734055,46,Honorable mention,Cole Aldrich; Jeff Withey; Willie Cauley-Stein; Hasheem Thabeet; Gorgui Dieng,10.5,10.1,21.240000000000002,bench; bench; rotation; bench; rotation
47.0,Bruce Thornton,PG,Ohio State,"6'1.25""",72.0,223.0,Senior,22.8,19.9,5.1,3.9,0.2,1.1,19.6,5.0,3.9,0.2,1.1,0.665,23.6,9.5,3.2,12.7,Tankathon,bruce thornton,Bruce Thornton,6,49.833333333333336,47.5,5.580223014261069,44,58,Bleacher Report mock;CBS prospect rankings;NBA Draft Room big board;Rookie Scale consensus;Tankathon;Tankathon mock,47.0,45.0,44.0,57.0,58.0,48.0,,,,36.5,19.9,5.1,3.9,55.4,Bruce Thornton,"6'1.25""",73.25,223.0,Tankathon,,77.0,,,,96.5,Bruce Thornton,Bruce Thornton,72.0,223.0,77.0,96.5,29.5,35.5,11.55,3.01,3.25,49.833333333333336,22.8,21.77777777777778,5.555555555555555,4.333333333333333,1.2222222222222223,0.22222222222222224,,23.6,guard,,,,9.854635606921168,12.07932149448948,13.986721093308999,10.8776724924667,12.53788158588006,7.6885395791398565,0.33360032981701015,0.26380039332392835,0.26941460791986244,0.09840748605552817,0.034777182883670835,-0.03776442817299441,47,Honorable mention,Frank Mason; Derrick White; Marcus Denmon; Charles Jenkins; John Jenkins,12.8,12.1,22.540000000000003,rotation; starter; bust; bench; bench
60.0,Dillon Mitchell,SF,St. John's,"6'8""",78.75,202.2,Senior,22.7,8.3,7.0,3.0,0.7,1.3,10.7,9.0,3.8,0.9,1.6,0.555,14.5,3.9,5.3,9.3,Tankathon,dillon mitchell,Dillon Mitchell,6,50.0,49.5,6.831300510639732,41,60,Bleacher Report mock;CBS prospect rankings;NBA Draft Room big board;Rookie Scale consensus;Tankathon;Tankathon mock,60.0,43.0,49.0,50.0,41.0,57.0,,,,28.2,8.3,7.0,3.0,55.9,Dillon Mitchell,"6'8""",80.0,202.0,Tankathon,,82.5,,,,104.5,Dillon Mitchell,Dillon Mitchell,78.75,202.2,82.5,104.5,32.5,38.5,10.94,2.89,3.19,50.0,22.7,11.88888888888889,10.0,4.222222222222222,1.777777777777778,1.0,,14.5,wing,,,,9.30925221529472,11.04179658821662,12.91831220937212,10.478544620575803,9.908883301213141,9.509048395903982,0.4380045314516806,0.18964235994795925,0.2907965076116182,0.07135263560538978,0.01020396538335202,-0.10096739154546067,48,Honorable mention,Chandler Parsons; Terance Mann; DeAndre Liggins; Cody Martin; JP Tokoto,21.4,10.8,26.82,starter; rotation; bench; rotation; bust
46.0,Izaiyah Nelson,PF/C,South Florida,"6'9.5""",80.25,219.4,Senior,22.7,15.9,9.6,1.2,1.4,1.6,20.9,12.6,1.6,1.9,2.2,0.612,23.7,5.9,3.3,9.2,Tankathon,izaiyah nelson,Izaiyah Nelson,6,49.66666666666666,50.0,5.647024782032472,40,57,Bleacher Report mock;CBS prospect rankings;NBA Draft Room big board;Rookie Scale consensus;Tankathon;Tankathon mock,46.0,49.0,57.0,40.0,55.0,51.0,,,,27.2,15.9,9.6,1.2,56.1,Izaiyah Nelson,"6'9.5""",81.5,219.0,Tankathon,,86.5,,,,108.0,Izaiyah Nelson,Izaiyah Nelson,80.25,219.4,86.5,108.0,32.5,38.5,11.22,2.9,3.2,49.66666666666666,22.7,23.22222222222222,14.0,1.777777777777778,2.4444444444444446,2.111111111111111,,23.7,big,,,,7.336961383922052,9.445051427775297,11.174666218244548,7.630493719435798,9.735889385113152,7.682923516657798,0.7150122379895724,0.14483914950914253,0.09137763869359039,0.03850653539501473,0.010264438412679919,-0.1452894983365493,49,Honorable mention,Kenneth Faried; Tyler Bey; Damion James; Wesley Johnson; Danny Granger,22.1,16.0,28.7,starter; bust; rotation; rotation; star
52.0,Tyler Bilodeau,PF,UCLA,"6'8.5""",79.25,228.2,Senior,22.2,17.6,5.6,1.1,0.4,0.5,21.1,6.7,1.3,0.4,0.6,0.656,25.8,7.5,1.4,8.9,Tankathon,tyler bilodeau,Tyler Bilodeau,5,49.8,52.0,6.273754856543249,42,58,CBS prospect rankings;NBA Draft Room big board;Rookie Scale consensus;Tankathon;Tankathon mock,52.0,54.0,43.0,,42.0,58.0,,,,30.2,17.6,5.6,1.1,51.8,Tyler Bilodeau,"6'8.5""",80.5,228.0,Tankathon,,84.75,,,,107.0,Tyler Bilodeau,Tyler Bilodeau,79.25,228.2,84.75,107.0,,,,,,49.8,22.2,23.444444444444446,7.444444444444445,1.4444444444444446,0.6666666666666666,0.4444444444444445,,25.8,forward_big,,,,8.059223229019556,9.5778699715815,10.802215506097017,7.320662398596621,9.835580194587521,7.502752200749857,0.528863398635453,0.23666205749363606,0.19335789013051793,0.03326268379492617,0.00785396994546696,-0.15072812181727777,50,Honorable mention,Justin Harper; Semi Ojeleye; Corey Kispert; Rui Hachimura; Luke Babbitt,14.5,14.0,25.799999999999997,bust; bench; starter; starter; bench
43.0,Nick Martinelli,SF,Northwestern,"6'7.75""",78.5,223.6,Senior,22.2,23.0,6.2,2.0,0.4,0.8,23.3,6.3,2.0,0.4,0.8,0.602,31.1,8.0,0.6,8.6,Tankathon,nick martinelli,Nick Martinelli,6,49.5,46.5,9.945685831890462,41,70,Bleacher Report mock;CBS prospect rankings;NBA Draft Room big board;Rookie Scale consensus;Tankathon;Tankathon mock,43.0,51.0,70.0,42.0,50.0,41.0,,,,35.5,23.0,6.2,2.0,51.0,Nick Martinelli,"6'7.75""",79.75,224.0,Tankathon,,82.0,,,,104.5,Nick Martinelli,Nick Martinelli,78.5,223.6,82.0,104.5,26.5,33.0,11.01,2.88,3.48,49.5,22.2,25.88888888888889,7.0,2.2222222222222223,0.888888888888889,0.4444444444444445,,31.1,wing,,,,8.297092884658475,10.182739411601645,11.74158941565413,10.456160373158845,10.376658040810987,7.817241063875656,0.4076029713663701,0.24195965829019908,0.28340827523586587,0.05364903747576443,0.01338005763180061,-0.16360006420253875,51,Honorable mention,Alec Peters; Georges Niang; Deshaun Thomas; Jordan Nwora; James Anderson,16.2,11.2,17.06,bench; rotation; bust; rotation; rotation
,,,,,,,,,,,,,,,,,,,,,,,,,wyatt fricks,Wyatt Fricks,1,53.0,53.0,0.0,53,53,Bleacher Report mock,,,,53.0,,,,,,,,,,,,,,,,,,,,,,Wyatt Fricks,,,,,,,,,,,53.0,,,,,,,,,unknown,,,,7.659321979452675,9.255959523819326,10.838493482789483,8.316532652722886,9.193720458846045,8.034924016316186,0.6003455241398464,0.19125194073548069,0.13996590771823192,0.04910914697850054,0.019327480427940427,-0.16413844210918893,52,Honorable mention,Jason Richardson; Marcus Williams; Desmond Mason; Dijon Thompson; Luol Deng,30.5,5.8,34.22,star; bust; starter; bust; star
49.0,Tyler Nickel,SG,Vanderbilt,"6'7.25""",78.0,217.4,Senior,22.8,13.5,3.3,1.2,0.5,0.8,15.9,3.8,1.4,0.6,0.9,0.617,18.9,6.0,1.4,7.5,Tankathon,tyler nickel,Tyler Nickel,5,51.4,49.0,4.841487374764082,48,61,CBS prospect rankings;NBA Draft Room big board;Rookie Scale consensus;Tankathon;Tankathon mock,49.0,48.0,50.0,,61.0,49.0,,,,30.5,13.5,3.3,1.2,44.5,Tyler Nickel,"6'7.25""",79.25,217.0,Tankathon,,80.5,,,,102.5,Tyler Nickel,Tyler Nickel,78.0,217.4,80.5,102.5,26.0,34.0,10.88,2.85,3.35,51.4,22.8,17.666666666666668,4.222222222222222,1.5555555555555556,1.0,0.6666666666666666,,18.9,guard,,,,6.717440785883492,8.35675172015793,10.100875932953862,8.138420332245154,8.235615628668487,6.359009480107509,0.5929342718889871,0.23160736567382187,0.1272468952646716,0.04031276235119748,0.007898704821322109,-0.22316846385846645,53,Honorable mention,Darius Miller; Jake Layman; Pat Connaughton; Solomon Hill; Justinian Jessup,19.3,12.8,20.82,rotation; bench; rotation; rotation; bust
48.0,Milos Uzan,PG,Houston,"6'4.25""",75.0,185.0,Senior,23.5,11.1,2.7,4.0,0.1,1.0,12.1,2.9,4.4,0.1,1.1,0.493,19.6,2.6,3.8,6.4,Tankathon,milos uzan,Milos Uzan,6,51.5,49.5,5.439056290693573,47,63,Bleacher Report mock;CBS prospect rankings;NBA Draft Room big board;Rookie Scale consensus;Tankathon;Tankathon mock,48.0,52.0,48.0,51.0,63.0,47.0,,,,33.0,11.1,2.7,4.0,38.0,Milos Uzan,"6'4.25""",76.25,185.0,Tankathon,,77.0,,,,98.0,Milos Uzan,Milos Uzan,75.0,185.0,77.0,98.0,28.0,35.0,10.7,2.87,3.21,51.5,23.5,13.444444444444445,3.2222222222222223,4.888888888888889,1.2222222222222223,0.11111111111111112,,19.6,guard,,,,5.881863228720952,8.390903313308659,10.349128438175377,9.288898921772226,6.802156532040871,8.532084647565748,0.7024520368097549,0.16713200170661882,0.08849712305049409,0.03838494866602591,0.003533889767106241,-0.23158287504525726,54,Honorable mention,Isaiah Cousins; Marcus Paige; Demetrius Jackson; Lorenzo Brown; Joe Harris,5.6,5.2,19.240000000000002,bust; bust; bust; bench; starter
57.0,Tobi Lawal,PF,Virginia Tech,"6'8.5""",79.25,214.4,Senior,23.1,12.3,8.5,0.6,1.1,0.3,15.2,10.5,0.8,1.4,0.4,0.635,20.0,2.3,1.6,3.9,Tankathon,tobi lawal,Tobi Lawal,6,52.16666666666666,53.0,3.3374973990834644,47,57,Bleacher Report mock;CBS prospect rankings;NBA Draft Room big board;Rookie Scale consensus;Tankathon;Tankathon mock,57.0,47.0,52.0,49.0,54.0,54.0,,,,29.1,12.3,8.5,0.6,54.2,Tobi Lawal,"6'8.5""",80.5,214.0,Tankathon,,82.5,,,,104.5,Tobi Lawal,Tobi Lawal,79.25,214.4,82.5,104.5,40.0,45.5,11.15,3.08,3.16,52.16666666666666,23.1,16.88888888888889,11.666666666666668,0.888888888888889,0.4444444444444445,1.5555555555555556,,20.0,forward_big,,,,6.245109926088917,7.846398646005506,9.241212477121046,4.974671866090844,7.02439250208498,6.425031152499641,0.521847176462499,0.3598815392994315,0.08126578720007697,0.02859946760605391,0.008406029431938685,-0.24458335509164011,55,Honorable mention,Dewan Hernandez; Cady Lalanne; Abdel Nader; Cory Jefferson; Carrick Felix,5.4,4.7,11.68,bust; bust; bench; bench; bust
,,,,,,,,,,,,,,,,,,,,,,,,,emanuel sharpe,Emanuel Sharpe,1,56.0,56.0,0.0,56,56,NBA Draft Room big board,,,,,56.0,,,,,,,,,,,,,,,,,,,,,Emanuel Sharpe,,,,,,,,,,,56.0,,,,,,,,,unknown,,,,7.3040270554560465,8.665448371914147,10.304718458577685,7.28447273523196,8.134501990192723,7.628762849939268,0.6042421631686222,0.2046073162632664,0.122269694241837,0.04942789778298182,0.019452928543292527,-0.2618778991198299,56,Honorable mention,Jason Richardson; Marcus Williams; Desmond Mason; Dijon Thompson; Luol Deng,30.5,5.8,34.22,star; bust; starter; bust; star
59.0,Keyshawn Hall,SF,Auburn,"6'7.25""",78.0,227.4,Senior,23.2,19.3,7.1,2.6,0.6,0.7,20.6,7.6,2.8,0.7,0.8,0.606,26.7,6.5,1.0,7.5,Tankathon,keyshawn hall,Keyshawn Hall,6,53.66666666666666,55.5,7.203394261658104,38,59,Bleacher Report mock;CBS prospect rankings;NBA Draft Room big board;Rookie Scale consensus;Tankathon;Tankathon mock,59.0,56.0,55.0,59.0,38.0,55.0,,,,33.6,19.3,7.0,2.6,45.1,Keyshawn Hall,"6'7.25""",79.25,227.0,Tankathon,,82.25,,,,105.0,Keyshawn Hall,Keyshawn Hall,78.0,227.4,82.25,105.0,30.0,34.0,11.15,3.1,3.25,53.66666666666666,23.2,22.888888888888893,8.444444444444445,3.111111111111111,0.888888888888889,0.7777777777777778,,26.7,wing,,,,7.3706268142401195,9.11726374725227,10.701763260265208,8.2455311627406,8.846110703378923,7.989555746028052,0.5238237210590168,0.2502012119598448,0.1654540533850964,0.04817927592588815,0.012341737670153818,-0.27561317842951305,57,Honorable mention,Georges Niang; Semi Ojeleye; Sam Young; Quincy Pondexter; Jaron Blossomgame,15.9,15.6,16.26,rotation; bench; rotation; rotation; rotation
53.0,Felix Okpara,C,Tennessee,"6'11.25""",82.0,237.4,Senior,22.2,8.0,6.3,0.5,1.5,0.4,10.7,8.5,0.7,2.0,0.6,0.617,13.4,1.8,3.6,5.5,Tankathon,felix okpara,Felix Okpara,6,54.333333333333336,54.5,2.42670329642684,50,57,Bleacher Report mock;CBS prospect rankings;NBA Draft Room big board;Rookie Scale consensus;Tankathon;Tankathon mock,53.0,57.0,54.0,55.0,57.0,50.0,,,,26.9,8.0,6.3,0.5,59.7,Felix Okpara,"6'11.25""",83.25,237.0,Tankathon,,86.0,,,,112.0,Felix Okpara,Felix Okpara,82.0,237.4,86.0,112.0,29.5,34.5,11.01,2.99,3.18,54.333333333333336,22.2,11.88888888888889,9.444444444444445,0.7777777777777778,0.6666666666666666,2.2222222222222223,,13.4,big,,,,4.879828247600151,6.774209547070146,8.993752821109382,4.353824779280389,7.064735970005119,6.7076128307310245,0.7484675553774127,0.17288905541521807,0.06219102207276517,0.01173793104591585,0.00471443608868836,-0.331010123748965,58,Honorable mention,Fab Melo; Miles Plumlee; Patrick Patterson; Quincy Acy; DJ Wilson,16.0,12.3,19.04,bust; rotation; rotation; rotation; bench
56.0,Kylan Boswell,PG,Illinois,"6'2.5""",73.25,226.0,Senior,21.2,12.3,4.0,3.0,0.0,0.7,14.7,4.8,3.6,0.0,0.9,0.559,20.4,3.9,3.1,7.0,Tankathon,kylan boswell,Kylan Boswell,6,56.0,54.5,6.879922480183431,47,69,Bleacher Report mock;CBS prospect rankings;NBA Draft Room big board;Rookie Scale consensus;Tankathon;Tankathon mock,56.0,53.0,47.0,52.0,69.0,59.0,,,,30.0,12.3,4.0,3.0,44.4,Kylan Boswell,"6'2.5""",74.5,226.0,Tankathon,,79.0,,,,95.0,Kylan Boswell,Kylan Boswell,73.25,226.0,79.0,95.0,33.0,38.0,10.82,2.92,3.22,56.0,21.2,16.333333333333332,5.333333333333333,4.0,1.0,0.0,,20.4,guard,,,,6.793004541573598,8.697877942326953,10.31539310054744,8.193041017348218,6.839327147435832,7.210882796404005,0.4651673984089993,0.3547418207548577,0.09399390354506294,0.06592348206041317,0.02017339523066676,-0.34593892786698566,59,Honorable mention,Solomon Hill; Tim Hardaway Jr.; Wayne Ellington; Andrew Harrison; Darius Miller,20.9,20.6,25.1,rotation; starter; rotation; rotation; rotation
54.0,Tamin Lipsey,PG,Iowa State,"6'1""",73.0,200.0,Senior,22.9,13.5,3.9,5.1,0.0,2.3,15.4,4.5,5.8,0.0,2.6,0.54,22.1,5.5,5.8,11.3,Tankathon,tamin lipsey,Tamin Lipsey,4,57.5,57.5,4.031128874149275,53,62,CBS prospect rankings;Rookie Scale consensus;Tankathon;Tankathon mock,54.0,61.0,62.0,,,53.0,,,,31.4,13.5,3.9,5.1,45.9,Tamin Lipsey,"6'1""",73.0,200.0,Tankathon,,,,,,,Tamin Lipsey,,,,,,,,,,,57.5,22.9,17.11111111111111,5.0,6.444444444444445,2.8888888888888893,0.0,,22.1,guard,,,,5.865004989037211,8.139150273340533,10.031900193210008,10.308804860680652,6.670605466289845,6.722925303418362,0.5028839184775787,0.29418651636719056,0.1367903090758323,0.04596133461279382,0.02017792146660447,-0.3705132163872556,60,Honorable mention,Jevon Carter; Davion Mitchell; Ty Jerome; Earl Watson; Miles McBride,17.3,16.0,21.68,rotation; rotation; rotation; rotation; bench
61.0,Quadir Copeland,PG/SG,NC State,"6'6""",78.0,220.0,Senior,22.8,13.9,3.6,6.5,0.1,1.8,17.4,4.5,8.1,0.2,2.2,0.592,25.6,4.5,3.2,7.8,Tankathon,quadir copeland,Quadir Copeland,4,57.75,61.0,8.757139944068497,43,66,CBS prospect rankings;NBA Draft Room big board;Rookie Scale consensus;Tankathon,61.0,66.0,61.0,,43.0,,,,,28.7,13.9,3.6,6.5,49.4,Quadir Copeland,"6'6""",78.0,220.0,Tankathon,,,,,,,Quadir Copeland,,,,,,,,,,,57.75,22.8,19.333333333333332,5.0,9.0,2.4444444444444446,0.22222222222222224,,25.6,guard,,,,7.915073985874707,9.526326190951048,10.788721431383681,10.878688716714496,8.727035715115012,8.63675378053607,0.5072840819651975,0.28269140145827165,0.13866818644933118,0.055507990683936234,0.01584833944326344,-0.37695201650914706,61,Honorable mention,Blake Stepp; Javaris Crittenton; Jarrett Jack; Greivis Vasquez; Jay Williams,23.7,16.4,27.12,bust; rotation; starter; rotation; starter
51.0,Maliq Brown,PF,Duke,"6'9.25""",80.0,216.6,Senior,22.6,4.9,5.2,1.6,0.6,1.8,8.8,9.2,2.9,1.1,3.2,0.634,12.7,2.6,8.9,11.6,Tankathon,maliq brown,Maliq Brown,6,55.833333333333336,53.5,6.618576550554927,51,70,Bleacher Report mock;CBS prospect rankings;NBA Draft Room big board;Rookie Scale consensus;Tankathon;Tankathon mock,51.0,55.0,51.0,56.0,70.0,52.0,,,,20.3,4.9,5.2,1.6,62.9,Maliq Brown,"6'9.25""",81.25,217.0,Tankathon,,84.75,,,,107.0,Maliq Brown,Maliq Brown,80.0,216.6,84.75,107.0,29.5,34.0,11.22,3.05,3.07,55.833333333333336,22.6,9.777777777777779,10.222222222222221,3.2222222222222223,3.555555555555556,1.2222222222222223,,12.7,forward_big,,,,5.059592233049432,7.742747697902156,10.193785929344713,9.682538830762667,6.236185482584025,6.49040116170066,0.530202965666181,0.33095787098666607,0.09290853669898022,0.034468583828728125,0.011462042819444658,-0.37879744404752924,62,Honorable mention,Arsalan Kazemi; Chuma Okeke; Matisse Thybulle; Jordan Bell; Willie Cauley-Stein,20.8,12.0,22.12,bust; rotation; rotation; bench; rotation
58.0,Rafael Castro,C,George Washington,"6'10.25""",81.0,224.4,Senior,23.2,15.3,9.1,1.7,1.7,1.8,20.1,12.0,2.2,2.3,2.3,0.645,24.2,6.1,3.4,9.5,Tankathon,rafael castro,Rafael Castro,5,58.6,58.0,2.3323807579381204,56,63,Bleacher Report mock;CBS prospect rankings;Rookie Scale consensus;Tankathon;Tankathon mock,58.0,63.0,58.0,58.0,,56.0,,,,27.2,15.3,9.1,1.7,62.7,Rafael Castro,"6'10.25""",82.25,224.0,Tankathon,,85.25,,,,109.5,Rafael Castro,Rafael Castro,81.0,224.4,85.25,109.5,31.0,36.5,11.42,2.93,3.2,58.6,23.2,22.333333333333336,13.333333333333334,2.4444444444444446,2.5555555555555554,2.5555555555555554,,24.2,big,,,,5.948305546601398,7.357504912441927,8.877486147359635,5.519409664215647,7.2953125420702545,6.427989635125101,0.7349314300352843,0.15334442833391793,0.07916055896194198,0.022467430264140525,0.010096152404715165,-0.4090167541936783,63,Honorable mention,Tyler Bey; Kenneth Faried; Damion James; Wesley Johnson; Shane Battier,22.1,16.0,28.22,bust; starter; rotation; rotation; star
67.0,Bryce Hopkins,SF,St. John's,"6'7.25""",78.0,218.8,Senior,23.8,13.6,6.2,1.9,0.3,1.1,17.0,7.8,2.4,0.3,1.4,0.558,22.4,5.0,3.5,8.5,Tankathon,bryce hopkins,Bryce Hopkins,4,61.0,59.5,3.5355339059327378,58,67,CBS prospect rankings;NBA Draft Room big board;Rookie Scale consensus;Tankathon,67.0,58.0,60.0,,59.0,,,,,28.8,13.6,6.2,1.9,46.9,Bryce Hopkins,"6'7.25""",79.25,219.0,Tankathon,,82.5,,,,105.0,Bryce Hopkins,Bryce Hopkins,78.0,218.8,82.5,105.0,30.0,37.5,10.71,2.95,3.26,61.0,23.8,18.88888888888889,8.666666666666666,2.6666666666666665,1.5555555555555556,0.3333333333333333,,22.4,wing,,,,7.546706528225273,9.026915634244176,10.639491391103526,6.241750101726163,8.721527774604185,7.609591913412179,0.6415806538003525,0.17574230770115562,0.13330985262191897,0.03747014993474378,0.011897035941829111,-0.41210376848256797,64,Honorable mention,Kris Joseph; Jeffery Taylor; Kyle Singler; DaSean Butler; Anthony Brown,18.6,5.4,20.9,bust; rotation; rotation; bust; rotation
64.0,Nate Bittle,C,Oregon,"7'0""",84.0,250.0,Senior,23.0,16.8,6.9,2.6,1.8,0.9,19.4,8.0,3.0,2.1,1.0,0.563,28.2,6.1,2.9,9.0,Tankathon,nate bittle,Nate Bittle,3,60.0,60.0,3.265986323710904,56,64,CBS prospect rankings;Rookie Scale consensus;Tankathon,64.0,60.0,56.0,,,,,,,31.1,16.8,6.9,2.6,46.5,Nate Bittle,"7'0""",84.0,250.0,Tankathon,,,,,,,Nate Bittle,,,,,,,,,,,60.0,23.0,21.555555555555554,8.88888888888889,3.3333333333333335,1.1111111111111112,2.3333333333333335,,28.2,big,,,,6.568827254566706,8.024206684187673,9.685796474988438,4.411885867497936,7.486385702875697,8.932960808700784,0.49239902269823715,0.32088875315792303,0.13911824744602044,0.0354492313988638,0.012144745298955399,-0.4266068025220045,65,Honorable mention,Mfiondu Kabengele; Cameron Bairstow; JaJuan Johnson; Mason Plumlee; Sandro Mamukelashvili,8.3,6.9,18.12,bust; bust; bench; rotation; bench
65.0,Aaron Nkrumah,SG,Tennessee State,"6'6.25""",77.0,188.8,Senior,24.6,17.7,5.5,3.0,0.5,2.8,20.3,6.3,3.5,0.6,3.2,0.552,27.6,2.9,1.9,4.8,Tankathon,aaron nkrumah,Aaron Nkrumah,5,56.6,53.0,9.76933979345585,46,71,Bleacher Report mock;CBS prospect rankings;NBA Draft Room big board;Rookie Scale consensus;Tankathon,65.0,71.0,53.0,48.0,46.0,,,,,31.3,17.7,5.5,3.0,43.8,Aaron Nkrumah,"6'6.25""",78.25,189.0,Tankathon,,82.25,,,,104.0,Aaron Nkrumah,Aaron Nkrumah,77.0,188.8,82.25,104.0,28.5,35.0,11.18,2.48,3.24,56.6,24.6,22.555555555555557,7.0,3.8888888888888893,3.555555555555556,0.6666666666666666,,27.6,guard,,,,5.5201592144652425,7.882377641209178,10.010474696140973,9.187261556775976,7.146849883734927,8.98386541442899,0.4798136615383446,0.2823578820167808,0.1485384692073566,0.061950259680324804,0.027339727557193237,-0.43068226108845675,66,Honorable mention,DeMarre Carroll; RJ Hunter; James Ennis; Michael Gbinije; Tim Pickett,8.8,3.5,22.34,rotation; bench; rotation; bust; bust
66.0,Trey Kaufman-Renn,PF,Purdue,"6'9""",79.75,241.2,Senior,23.8,14.2,8.3,2.5,0.2,0.4,18.1,10.7,3.3,0.3,0.5,0.59,24.9,6.2,2.3,8.4,Tankathon,trey kaufman renn,Trey Kaufman-Renn,5,61.8,62.0,8.818163074019441,47,74,Bleacher Report mock;CBS prospect rankings;NBA Draft Room big board;Rookie Scale consensus;Tankathon,66.0,62.0,74.0,60.0,47.0,,,,,28.0,14.2,8.3,2.5,57.8,Trey Kaufman-Renn,"6'9""",81.0,241.0,Tankathon,,82.5,,,,105.5,Trey Kaufman-Renn,Trey Kaufman-Renn,79.75,241.2,82.5,105.5,29.0,33.0,11.06,3.01,3.37,61.8,23.8,20.111111111111114,11.88888888888889,3.6666666666666665,0.5555555555555556,0.3333333333333333,,24.9,forward_big,,,,7.2643532542607,8.724195434710118,10.758231180495041,4.255807098599135,8.880690978437855,7.492452380509171,0.6345519365705669,0.21475529879686828,0.09628147174595837,0.04298258914195426,0.011428703744652121,-0.5098656859187256,67,Honorable mention,Vince Edwards; Dwayne Collins; Mason Plumlee; Semi Ojeleye; Colton Iverson,7.9,0.0,19.360000000000003,bust; bust; rotation; bench; bust
69.0,Tucker DeVries,SG/SF,Indiana,"6'7""",79.0,220.0,Senior,23.5,13.7,5.3,3.3,0.6,1.1,14.4,5.5,3.5,0.6,1.2,0.546,21.9,3.9,3.0,6.9,Tankathon,tucker devries,Tucker DeVries,3,66.0,65.0,2.160246899469287,64,69,CBS prospect rankings;Rookie Scale consensus;Tankathon,69.0,64.0,65.0,,,,,,,34.3,13.7,5.3,3.3,39.7,Tucker DeVries,"6'7""",79.0,220.0,Tankathon,,,,,,,Tucker DeVries,,,,,,,,,,,66.0,23.5,16.0,6.111111111111112,3.8888888888888893,1.3333333333333333,0.6666666666666666,,21.9,wing,,,,7.414220274659491,9.013071467015752,10.430247258914058,4.289804482531039,7.665867646074474,7.782662021252501,0.6022900132282626,0.194084213762807,0.1529611752605119,0.038581229159821574,0.012083368588597146,-0.5171328839024433,68,Honorable mention,Kris Joseph; Anthony Brown; DaSean Butler; Kyle Singler; Solomon Hill,18.6,5.4,21.74,bust; rotation; bust; rotation; rotation
55.0,Pavle Backo,C,KK Mega Basket,"6'11""",83.0,262.0,International,18.9,12.7,4.7,1.2,1.3,0.3,23.8,8.8,2.2,2.3,0.6,0.603,26.5,,,,Tankathon,pavle backo,Pavle Backo,4,56.75,57.5,18.48479104561369,30,82,NBA Draft Room big board;Rookie Scale consensus;Tankathon;Tankathon mock,55.0,82.0,,,30.0,60.0,,,,,,,,,Pavle Backo,"6'11""",83.0,262.0,Tankathon,,,,,,,Pavle Backo,,,,,,,,,,,56.75,18.9,26.444444444444446,9.777777777777779,2.4444444444444446,0.6666666666666666,2.5555555555555554,,26.5,big,,,,6.2762225380357215,8.303190190743855,11.259634747433566,5.481687840610489,9.776194590178294,6.403569821493788,0.5361574013357295,0.28588054447003625,0.11246260762993432,0.04737373910300171,0.018125707461298147,-0.5248519174733182,69,Honorable mention,Jahlil Okafor; Isaiah Stewart; Zeke Nnaji; Deandre Ayton; Reggie Perry,19.5,12.6,28.7,rotation; starter; bench; starter; bench
,,,,,,,,,,,,,,,,,,,,,,,,,malique lewis,Malique Lewis,2,67.5,67.5,0.5,67,68,NBA Draft Room big board;Rookie Scale consensus,,68.0,,,67.0,,,,,,,,,,,,,,,,,,,,,Malique Lewis,,,,,,,,,,,67.5,,,,,,,,,unknown,,,,7.132277924490072,8.58442202949843,10.160681357042797,3.328243051516747,8.134501990192723,7.509664685347296,0.6027667565314783,0.20654946415736067,0.12197114255279239,0.0493072073497511,0.019405429408617527,-0.5509961610870973,70,Honorable mention,Jason Richardson; Marcus Williams; Desmond Mason; Dijon Thompson; Luol Deng,30.5,5.8,34.22,star; bust; starter; bust; star
,,,,,,,,,,,,,,,,,,,,,,,,,jaron pierre,Jaron Pierre Jr.,2,67.0,67.0,3.0,64,70,CBS prospect rankings;Rookie Scale consensus,,70.0,64.0,,,,,,,33.0,17.6,4.9,2.1,46.2,,,,,,,,,,,,Jaron Pierre Jr.,,,,,,,,,,,67.0,,,,,,,,,unknown,,,,7.132277924490072,8.58442202949843,10.160681357042797,3.5002530377652317,8.134501990192723,7.509664685347296,0.6027667565314783,0.20654946415736067,0.12197114255279239,0.0493072073497511,0.019405429408617527,-0.5698850182487818,71,Honorable mention,Jason Richardson; Marcus Williams; Desmond Mason; Dijon Thompson; Luol Deng,30.5,5.8,34.22,star; bust; starter; bust; star
,,,,,,,,,,,,,,,,,,,,,,,,,lamar wilkerson,Lamar Wilkerson,3,64.0,69.0,9.273618495495704,51,72,CBS prospect rankings;NBA Draft Room big board;Rookie Scale consensus,,69.0,72.0,,51.0,,,,,33.9,20.9,3.5,2.4,46.3,,,,,,,,,,,,Lamar Wilkerson,,,,,,,,,,,64.0,,,,,,,,,unknown,,,,7.132277924490072,8.58442202949843,10.160681357042797,4.53231295525616,8.134501990192723,7.509664685347296,0.6027667565314783,0.20654946415736067,0.12197114255279239,0.0493072073497511,0.019405429408617527,-0.5748672593306514,72,Honorable mention,Jason Richardson; Marcus Williams; Desmond Mason; Dijon Thompson; Luol Deng,30.5,5.8,34.22,star; bust; starter; bust; star
70.0,Darrion Williams,SF,NC State,"6'5.75""",77.75,236.0,Senior,23.2,14.0,4.6,2.8,0.3,1.1,16.7,5.5,3.3,0.4,1.3,0.533,24.6,4.0,1.2,5.2,Tankathon,darrion williams,Darrion Williams,3,67.33333333333333,70.0,6.018490028422596,59,73,CBS prospect rankings;Rookie Scale consensus;Tankathon,70.0,59.0,73.0,,,,,,,30.0,14.0,4.6,2.8,41.4,Darrion Williams,"6'5.75""",77.75,236.0,Tankathon,,,,,,,Darrion Williams,,,,,,,,,,,67.33333333333333,23.2,18.555555555555557,6.111111111111112,3.6666666666666665,1.4444444444444446,0.4444444444444445,,24.6,wing,,,,6.955713542884888,8.803049027591905,10.17834495814926,3.9958422343808753,7.9890300038726965,8.605734887897356,0.5479277109572542,0.21169557846035825,0.18022255817721203,0.043198438798495296,0.016955713606680134,-0.6062743606232089,73,Honorable mention,Kyle Singler; Admiral Schofield; Elijah Hughes; Dwight Powell; Kris Joseph,11.1,9.2,20.7,rotation; bench; bench; rotation; bust
68.0,Malik Reneau,PF,Miami,"6'9""",81.0,238.0,Senior,23.2,18.9,6.5,2.1,0.8,1.1,23.5,8.1,2.6,1.0,1.3,0.618,30.6,6.0,2.5,8.5,Tankathon,malik reneau,Malik Reneau,4,67.25,66.5,3.766629793329841,63,73,CBS prospect rankings;NBA Draft Room big board;Rookie Scale consensus;Tankathon,68.0,73.0,63.0,,65.0,,,,,29.0,18.9,6.5,2.1,54.0,Malik Reneau,"6'9""",81.0,238.0,Tankathon,,,,,,,Malik Reneau,,,,,,,,,,,67.25,23.2,26.11111111111111,9.0,2.8888888888888893,1.4444444444444446,1.1111111111111112,,30.6,forward_big,,,,6.458304501704748,8.026632946425718,9.352774592887988,2.7446210072819586,7.588848066958703,7.204780699960465,0.5574073542521427,0.22638287389672881,0.16302489379994964,0.037186962750898,0.015997915300280816,-0.6089298351845384,74,Honorable mention,Georges Niang; Tyler Hansbrough; Alec Peters; Cameron Bairstow; Mike Scott,16.2,11.2,16.74,rotation; rotation; bench; bust; rotation
62.0,Nick Boyd,PG/SG,Wisconsin,"6'2.25""",73.0,176.2,Senior,25.2,20.7,3.8,4.3,0.0,1.0,23.4,4.3,4.8,0.0,1.2,0.588,30.6,7.6,1.9,9.5,Tankathon,nick boyd,Nick Boyd,4,65.75,64.0,6.417748826496718,59,76,CBS prospect rankings;NBA Draft Room big board;Rookie Scale consensus;Tankathon,62.0,76.0,59.0,,66.0,,,,,31.9,20.7,3.8,4.3,48.0,Nick Boyd,"6'2.25""",74.25,176.0,Tankathon,,74.5,,,,96.0,Nick Boyd,Nick Boyd,73.0,176.2,74.5,96.0,30.5,36.0,10.78,3.06,3.07,65.75,25.2,26.0,4.777777777777778,5.333333333333333,1.3333333333333333,0.0,,30.6,guard,,,,4.874242859728897,7.272820820829892,9.16489758037433,4.367246852944012,7.002411072091114,7.221980754758893,0.2830807324032461,0.5365265053508885,0.13236527910633275,0.04206669837932723,0.0059607847602054,-0.6370811408027466,75,Honorable mention,Jack McClinton; Nolan Smith; Frank Mason; Joseph Young; Xavier Thames,8.5,0.0,13.38,bust; bench; rotation; bench; bust
,,,,,80.0,261.4,,,,,,,,,,,,,,,,,,,tobe awaka,Tobe Awaka,3,70.0,68.0,3.559026084010437,67,75,CBS prospect rankings;NBA Draft Room big board;Rookie Scale consensus,,67.0,75.0,,68.0,,,,,20.8,9.3,9.1,0.8,58.7,,,,,,,86.25,,,,105.0,Tobe Awaka,Tobe Awaka,80.0,261.4,86.25,105.0,32.5,37.5,10.94,3.02,3.19,70.0,,,,,,,,,unknown,,,,5.995002263259435,8.481181504572973,10.398379775745628,2.7596054654739977,9.595145422501972,7.418787498762902,0.7481492681250386,0.1469244940970228,0.060446641469942636,0.031660295808040126,0.012819300499955926,-0.6540804389291739,76,Honorable mention,DaJuan Summers; Montrezl Harrell; James Johnson; Raiquan Gray; Jarnell Stokes,20.1,9.9,29.26,bench; rotation; rotation; star; bust
,,,,,,,,,,,,,,,,,,,,,,,,,cade tyson,Cade Tyson,2,71.0,71.0,4.0,67,75,CBS prospect rankings;Rookie Scale consensus,,75.0,67.0,,,,,,,36.7,19.6,5.4,2.1,50.0,,,,,,,,,,,,Cade Tyson,,,,,,,,,,,71.0,,,,,,,,,unknown,,,,7.132277924490072,8.58442202949843,10.160681357042797,2.1241731477773325,8.134501990192723,7.509664685347296,0.6027667565314783,0.20654946415736067,0.12197114255279239,0.0493072073497511,0.019405429408617527,-0.6795201458149538,77,Honorable mention,Jason Richardson; Marcus Williams; Desmond Mason; Dijon Thompson; Luol Deng,30.5,5.8,34.22,star; bust; starter; bust; star
,,,,,,,,,,,,,,,,,,,,,,,,,duke miles,Duke Miles,3,67.33333333333333,65.0,11.953614051360738,54,83,Bleacher Report mock;CBS prospect rankings;Rookie Scale consensus,,65.0,83.0,54.0,,,,,,29.5,16.1,3.0,4.5,43.5,,,,,,,,,,,,Duke Miles,,,,,,,,,,,67.33333333333333,,,,,,,,,unknown,,,,7.132277924490072,8.58442202949843,10.160681357042797,3.3855797135995775,8.134501990192723,7.509664685347296,0.6027667565314783,0.20654946415736067,0.12197114255279239,0.0493072073497511,0.019405429408617527,-0.6891589018223249,78,Honorable mention,Jason Richardson; Marcus Williams; Desmond Mason; Dijon Thompson; Luol Deng,30.5,5.8,34.22,star; bust; starter; bust; star
63.0,Peter Suder,SG,Miami (Ohio),"6'5""",75.75,213.4,Senior,22.9,14.8,4.6,4.0,0.4,1.3,17.1,5.4,4.7,0.5,1.5,0.633,21.8,2.5,1.0,3.5,Tankathon,peter suder,Peter Suder,3,71.0,66.0,9.273618495495704,63,84,CBS prospect rankings;Rookie Scale consensus;Tankathon,63.0,84.0,66.0,,,,,,,31.0,14.8,4.6,4.0,54.6,Peter Suder,"6'5""",77.0,213.0,Tankathon,,80.0,,,,99.5,Peter Suder,Peter Suder,75.75,213.4,80.0,99.5,28.5,30.5,11.23,3.14,3.2,71.0,22.9,19.000000000000004,6.000000000000001,5.222222222222222,1.6666666666666667,0.5555555555555556,,21.8,guard,,,,7.330545935968985,9.624868086343282,11.245995499276846,2.8651589901982035,9.254435353276069,7.730252829933352,0.575252483905691,0.2265354948678233,0.12137120765553035,0.06146939394796737,0.015371419622988169,-0.7012588802968366,79,Honorable mention,Abdel Nader; Carrick Felix; Skylar Mays; Melvin Frazier; Kim English,9.9,9.1,12.36,bench; bust; bench; bench; bench
,,,,,,,,,,,,,,,,,,,,,,,,,michael ajayi,Michael Ajayi,1,74.0,74.0,0.0,74,74,Rookie Scale consensus,,74.0,,,,,,,,,,,,,,,,,,,,,,,,Michael Ajayi,,,,,,,,,,,74.0,,,,,,,,,unknown,,,,7.132277924490072,8.58442202949843,10.160681357042797,1.092113230286408,8.134501990192723,7.509664685347296,0.6027667565314783,0.20654946415736067,0.12197114255279239,0.0493072073497511,0.019405429408617527,-0.7027682330094241,80,Honorable mention,Jason Richardson; Marcus Williams; Desmond Mason; Dijon Thompson; Luol Deng,30.5,5.8,34.22,star; bust; starter; bust; star
,,,,,,,,,,,,,,,,,,,,,,,,,jaden henley,Jaden Henley,2,73.0,73.0,4.0,69,77,CBS prospect rankings;Rookie Scale consensus,,77.0,69.0,,,,,,,31.5,17.7,5.7,2.9,46.6,,,,,,,,,,,,Jaden Henley,,,,,,,,,,,73.0,,,,,,,,,unknown,,,,7.132277924490072,8.58442202949843,10.160681357042797,1.4361332027833829,8.134501990192723,7.509664685347296,0.6027667565314783,0.20654946415736067,0.12197114255279239,0.0493072073497511,0.019405429408617527,-0.7281294718632862,81,Honorable mention,Jason Richardson; Marcus Williams; Desmond Mason; Dijon Thompson; Luol Deng,30.5,5.8,34.22,star; bust; starter; bust; star
,,,,,,,,,,,,,,,,,,,,,,,,,noam yaacov,Noam Yaacov,1,76.0,76.0,0.0,76,76,Rookie Scale consensus,,76.0,,,,,,,,,,,,,,,,,,,,,,,,Noam Yaacov,,,,,,,,,,,76.0,,,,,,,,,unknown,,,,7.132277924490072,8.58442202949843,10.160681357042797,0.4040732852924549,8.134501990192723,7.509664685347296,0.6027667565314783,0.20654946415736067,0.12197114255279239,0.0493072073497511,0.019405429408617527,-0.7513775590577566,82,Honorable mention,Jason Richardson; Marcus Williams; Desmond Mason; Dijon Thompson; Luol Deng,30.5,5.8,34.22,star; bust; starter; bust; star
,,,,,,,,,,,,,,,,,,,,,,,,,graham ike,Graham Ike,2,78.0,78.0,1.0,77,79,CBS prospect rankings;Rookie Scale consensus,,79.0,77.0,,,,,,,31.1,19.9,8.0,2.4,56.3,,,,,,,,,,,,Graham Ike,,,,,,,,,,,78.0,,,,,,,,,unknown,,,,7.132277924490072,8.58442202949843,10.160681357042797,-0.2839666597014947,8.134501990192723,7.509664685347296,0.6027667565314783,0.20654946415736067,0.12197114255279239,0.0493072073497511,0.019405429408617527,-0.8124033605755961,83,Honorable mention,Jason Richardson; Marcus Williams; Desmond Mason; Dijon Thompson; Luol Deng,30.5,5.8,34.22,star; bust; starter; bust; star
,,,,,,,,,,,,,,,,,,,,,,,,,seth trimble,Seth Trimble,3,74.33333333333333,80.0,10.208928554075705,60,83,CBS prospect rankings;NBA Draft Room big board;Rookie Scale consensus,,83.0,80.0,,60.0,,,,,32.3,14.0,3.8,3.0,47.1,,,,,,,,,,,,Seth Trimble,,,,,,,,,,,74.33333333333333,,,,,,,,,unknown,,,,7.132277924490072,8.58442202949843,10.160681357042797,0.9774399061207504,8.134501990192723,7.509664685347296,0.6027667565314783,0.20654946415736067,0.12197114255279239,0.0493072073497511,0.019405429408617527,-0.8376286983124441,84,Honorable mention,Jason Richardson; Marcus Williams; Desmond Mason; Dijon Thompson; Luol Deng,30.5,5.8,34.22,star; bust; starter; bust; star
,,,,,,,,,,,,,,,,,,,,,,,,,chris bell,Chris Bell,1,81.0,81.0,0.0,81,81,CBS prospect rankings,,,81.0,,,,,,,27.9,14.2,2.6,0.6,45.9,,,,,,,,,,,,Chris Bell,,,,,,,,,,,81.0,,,,,,,,,unknown,,,,7.132277924490072,8.58442202949843,10.160681357042797,-1.3160265771924173,8.134501990192723,7.509664685347296,0.6027667565314783,0.20654946415736067,0.12197114255279239,0.0493072073497511,0.019405429408617527,-0.8729008741785877,85,Honorable mention,Jason Richardson; Marcus Williams; Desmond Mason; Dijon Thompson; Luol Deng,30.5,5.8,34.22,star; bust; starter; bust; star
71.0,Mark Mitchell,SF/PF,Missouri,"6'9""",81.0,230.0,Senior,22.8,18.3,5.2,3.6,0.5,0.7,19.7,6.5,1.8,0.7,2.2,0.55,26.9,4.4,1.7,6.1,Tankathon,mark mitchell,Mark Mitchell,3,77.0,72.0,7.788880963698615,71,88,CBS prospect rankings;Rookie Scale consensus;Tankathon,71.0,72.0,88.0,,,,,,,33.8,18.3,5.2,3.6,54.7,Mark Mitchell,"6'9""",81.0,230.0,Tankathon,,,,,,,Mark Mitchell,,,,,,,,,,,77.0,22.8,21.88888888888889,7.222222222222222,2.0,2.4444444444444446,0.7777777777777778,,26.9,wing,,,,6.050973987271383,7.417543796724368,8.891270813472172,1.837096298648861,6.392119762409618,9.235110028473304,0.5902983227130636,0.21742670627248764,0.15369082922881486,0.02586046719627605,0.012723674589357884,-0.9214489815519293,86,Honorable mention,Taurean Prince; Jeffery Taylor; Dwight Powell; Dante Cunningham; Joe Johnson,20.8,19.4,30.620000000000005,starter; rotation; rotation; rotation; star
,,,,,,,,,,,,,,,,,,,,,,,,,elijah mahi,Elijah Mahi,2,82.0,82.0,3.0,79,85,CBS prospect rankings;Rookie Scale consensus,,85.0,79.0,,,,,,,30.4,14.1,4.7,2.6,44.7,,,,,,,,,,,,Elijah Mahi,,,,,,,,,,,82.0,,,,,,,,,unknown,,,,7.132277924490072,8.58442202949843,10.160681357042797,-1.660046549689394,8.134501990192723,7.509664685347296,0.6027667565314783,0.20654946415736067,0.12197114255279239,0.0493072073497511,0.019405429408617527,-0.9344549636112752,87,Honorable mention,Jason Richardson; Marcus Williams; Desmond Mason; Dijon Thompson; Luol Deng,30.5,5.8,34.22,star; bust; starter; bust; star
,,,,,,,,,,,,,,,,,,,,,,,,,melvin council,Melvin Council Jr.,3,76.0,82.0,17.663521732655695,52,94,CBS prospect rankings;NBA Draft Room big board;Rookie Scale consensus,,94.0,82.0,,52.0,,,,,34.9,12.7,5.0,5.1,39.2,,,,,,,,,,,,Melvin Council Jr.,,,,,,,,,,,76.0,,,,,,,,,unknown,,,,7.132277924490072,8.58442202949843,10.160681357042797,0.4040732852924549,8.134501990192723,7.509664685347296,0.6027667565314783,0.20654946415736067,0.12197114255279239,0.0493072073497511,0.019405429408617527,-0.9706962433563812,88,Honorable mention,Jason Richardson; Marcus Williams; Desmond Mason; Dijon Thompson; Luol Deng,30.5,5.8,34.22,star; bust; starter; bust; star
,,,,,,,,,,,,,,,,,,,,,,,,,vsevolod ishchenko,Vsevolod Ishchenko,1,86.0,86.0,0.0,86,86,Rookie Scale consensus,,86.0,,,,,,,,,,,,,,,,,,,,,,,,Vsevolod Ishchenko,,,,,,,,,,,86.0,,,,,,,,,unknown,,,,7.132277924490072,8.58442202949843,10.160681357042797,-3.0361264396772967,8.134501990192723,7.509664685347296,0.6027667565314783,0.20654946415736067,0.12197114255279239,0.0493072073497511,0.019405429408617527,-0.9944241892994188,89,Honorable mention,Jason Richardson; Marcus Williams; Desmond Mason; Dijon Thompson; Luol Deng,30.5,5.8,34.22,star; bust; starter; bust; star
,,,,,,,,,,,,,,,,,,,,,,,,,jaxon kohler,Jaxon Kohler,3,81.0,86.0,12.355835328567093,64,93,CBS prospect rankings;NBA Draft Room big board;Rookie Scale consensus,,93.0,86.0,,64.0,,,,,27.7,12.5,8.9,1.3,50.0,,,,,,,,,,,,Jaxon Kohler,,,,,,,,,,,81.0,,,,,,,,,unknown,,,,7.132277924490072,8.58442202949843,10.160681357042797,-1.3160265771924173,8.134501990192723,7.509664685347296,0.6027667565314783,0.20654946415736067,0.12197114255279239,0.0493072073497511,0.019405429408617527,-1.02631680044101,90,Honorable mention,Jason Richardson; Marcus Williams; Desmond Mason; Dijon Thompson; Luol Deng,30.5,5.8,34.22,star; bust; starter; bust; star
,,,,,,,,,,,,,,,,,,,,,,,,,fletcher loyer,Fletcher Loyer,3,76.66666666666667,88.0,22.691163233490013,45,97,CBS prospect rankings;NBA Draft Room big board;Rookie Scale consensus,,88.0,97.0,,45.0,,,,,29.3,14.1,2.3,2.1,45.0,,,,,,,,,,,,Fletcher Loyer,,,,,,,,,,,76.66666666666667,,,,,,,,,unknown,,,,7.132277924490072,8.58442202949843,10.160681357042797,0.17472663696113955,8.134501990192723,7.509664685347296,0.6027667565314783,0.20654946415736067,0.12197114255279239,0.0493072073497511,0.019405429408617527,-1.0493249394037438,91,Honorable mention,Jason Richardson; Marcus Williams; Desmond Mason; Dijon Thompson; Luol Deng,30.5,5.8,34.22,star; bust; starter; bust; star
,,,,,,,,,,,,,,,,,,,,,,,,,tre donaldson,Tre Donaldson,1,89.0,89.0,0.0,89,89,CBS prospect rankings,,,89.0,,,,,,,34.1,16.4,3.6,5.7,45.4,,,,,,,,,,,,Tre Donaldson,,,,,,,,,,,89.0,,,,,,,,,unknown,,,,7.132277924490072,8.58442202949843,10.160681357042797,-4.068186357168219,8.134501990192723,7.509664685347296,0.6027667565314783,0.20654946415736067,0.12197114255279239,0.0493072073497511,0.019405429408617527,-1.0673381783719176,92,Honorable mention,Jason Richardson; Marcus Williams; Desmond Mason; Dijon Thompson; Luol Deng,30.5,5.8,34.22,star; bust; starter; bust; star
,,,,,,,,,,,,,,,,,,,,,,,,,oscar cluff,Oscar Cluff,2,86.0,86.0,6.0,80,92,CBS prospect rankings;Rookie Scale consensus,,80.0,92.0,,,,,,,24.7,10.6,7.5,1.8,68.3,,,,,,,,,,,,Oscar Cluff,,,,,,,,,,,86.0,,,,,,,,,unknown,,,,7.132277924490072,8.58442202949843,10.160681357042797,-3.0361264396772967,8.134501990192723,7.509664685347296,0.6027667565314783,0.20654946415736067,0.12197114255279239,0.0493072073497511,0.019405429408617527,-1.0689230421164613,93,Honorable mention,Jason Richardson; Marcus Williams; Desmond Mason; Dijon Thompson; Luol Deng,30.5,5.8,34.22,star; bust; starter; bust; star
,,,,,,,,,,,,,,,,,,,,,,,,,josh dix,Josh Dix,2,88.5,88.5,1.5,87,90,CBS prospect rankings;Rookie Scale consensus,,90.0,87.0,,,,,,,32.8,13.2,3.7,2.3,43.9,,,,,,,,,,,,Josh Dix,,,,,,,,,,,88.5,,,,,,,,,unknown,,,,7.132277924490072,8.58442202949843,10.160681357042797,-3.896176370919733,8.134501990192723,7.509664685347296,0.6027667565314783,0.20654946415736067,0.12197114255279239,0.0493072073497511,0.019405429408617527,-1.073810560064095,94,Honorable mention,Jason Richardson; Marcus Williams; Desmond Mason; Dijon Thompson; Luol Deng,30.5,5.8,34.22,star; bust; starter; bust; star
,,,,,,,,,,,,,,,,,,,,,,,,,ernest udeh,Ernest Udeh Jr.,2,85.5,85.5,9.5,76,95,CBS prospect rankings;Rookie Scale consensus,,95.0,76.0,,,,,,,28.2,6.7,9.2,0.5,72.7,,,,,,,,,,,,Ernest Udeh Jr.,,,,,,,,,,,85.5,,,,,,,,,unknown,,,,7.132277924490072,8.58442202949843,10.160681357042797,-2.8641164534288066,8.134501990192723,7.509664685347296,0.6027667565314783,0.20654946415736067,0.12197114255279239,0.0493072073497511,0.019405429408617527,-1.100228374747653,95,Honorable mention,Jason Richardson; Marcus Williams; Desmond Mason; Dijon Thompson; Luol Deng,30.5,5.8,34.22,star; bust; starter; bust; star
,,,,,,,,,,,,,,,,,,,,,,,,,ben humrichous,Ben Humrichous,1,91.0,91.0,0.0,91,91,CBS prospect rankings,,,91.0,,,,,,,22.5,5.8,3.9,0.8,38.3,,,,,,,,,,,,Ben Humrichous,,,,,,,,,,,91.0,,,,,,,,,unknown,,,,7.132277924490072,8.58442202949843,10.160681357042797,-4.756226302162169,8.134501990192723,7.509664685347296,0.6027667565314783,0.20654946415736067,0.12197114255279239,0.0493072073497511,0.019405429408617527,-1.11594750442025,96,Honorable mention,Jason Richardson; Marcus Williams; Desmond Mason; Dijon Thompson; Luol Deng,30.5,5.8,34.22,star; bust; starter; bust; star
,,,,,,,,,,,,,,,,,,,,,,,,,jalen washington,Jalen Washington,1,91.0,91.0,0.0,91,91,Rookie Scale consensus,,91.0,,,,,,,,,,,,,,,,,,,,,,,,Jalen Washington,,,,,,,,,,,91.0,,,,,,,,,unknown,,,,7.132277924490072,8.58442202949843,10.160681357042797,-4.756226302162169,8.134501990192723,7.509664685347296,0.6027667565314783,0.20654946415736067,0.12197114255279239,0.0493072073497511,0.019405429408617527,-1.11594750442025,97,Honorable mention,Jason Richardson; Marcus Williams; Desmond Mason; Dijon Thompson; Luol Deng,30.5,5.8,34.22,star; bust; starter; bust; star
,,,,,,,,,,,,,,,,,,,,,,,,,donovan atwell,Donovan Atwell,2,91.0,91.0,1.0,90,92,CBS prospect rankings;Rookie Scale consensus,,92.0,90.0,,,,,,,34.7,13.5,3.2,0.8,46.3,,,,,,,,,,,,Donovan Atwell,,,,,,,,,,,91.0,,,,,,,,,unknown,,,,7.132277924490072,8.58442202949843,10.160681357042797,-4.756226302162169,8.134501990192723,7.509664685347296,0.6027667565314783,0.20654946415736067,0.12197114255279239,0.0493072073497511,0.019405429408617527,-1.1283639798897571,98,Honorable mention,Jason Richardson; Marcus Williams; Desmond Mason; Dijon Thompson; Luol Deng,30.5,5.8,34.22,star; bust; starter; bust; star
,,,,,,,,,,,,,,,,,,,,,,,,,chase ross,Chase Ross,1,93.0,93.0,0.0,93,93,CBS prospect rankings,,,93.0,,,,,,,32.9,14.3,4.2,3.4,42.1,,,,,,,,,,,,Chase Ross,,,,,,,,,,,93.0,,,,,,,,,unknown,,,,7.132277924490072,8.58442202949843,10.160681357042797,-5.4442662471561185,8.134501990192723,7.509664685347296,0.6027667565314783,0.20654946415736067,0.12197114255279239,0.0493072073497511,0.019405429408617527,-1.1645568304685825,99,Honorable mention,Jason Richardson; Marcus Williams; Desmond Mason; Dijon Thompson; Luol Deng,30.5,5.8,34.22,star; bust; starter; bust; star
,,,,,,,,,,,,,,,,,,,,,,,,,william kyle,William Kyle III,2,91.0,91.0,4.0,87,95,CBS prospect rankings;Rookie Scale consensus,,87.0,95.0,,,,,,,28.2,8.4,7.1,0.9,66.1,,,,,,,,,,,,William Kyle III,,,,,,,,,,,91.0,,,,,,,,,unknown,,,,7.132277924490072,8.58442202949843,10.160681357042797,-4.756226302162169,8.134501990192723,7.509664685347296,0.6027667565314783,0.20654946415736067,0.12197114255279239,0.0493072073497511,0.019405429408617527,-1.1656134062982784,100,Honorable mention,Jason Richardson; Marcus Williams; Desmond Mason; Dijon Thompson; Luol Deng,30.5,5.8,34.22,star; bust; starter; bust; star
,,,,,,,,,,,,,,,,,,,,,,,,,xaivian lee,Xaivian Lee,2,88.0,88.0,10.0,78,98,CBS prospect rankings;Rookie Scale consensus,,78.0,98.0,,,,,,,27.3,11.6,3.7,4.1,42.0,,,,,,,,,,,,Xaivian Lee,,,,,,,,,,,88.0,,,,,,,,,unknown,,,,7.132277924490072,8.58442202949843,10.160681357042797,-3.7241663846712463,8.134501990192723,7.509664685347296,0.6027667565314783,0.20654946415736067,0.12197114255279239,0.0493072073497511,0.019405429408617527,-1.167198270042822,101,Honorable mention,Jason Richardson; Marcus Williams; Desmond Mason; Dijon Thompson; Luol Deng,30.5,5.8,34.22,star; bust; starter; bust; star
,,,,,,,,,,,,,,,,,,,,,,,,,tre white,Tre White,2,92.5,92.5,3.5,89,96,CBS prospect rankings;Rookie Scale consensus,,89.0,96.0,,,,,,,31.3,13.5,6.7,1.8,45.0,,,,,,,,,,,,Tre White,,,,,,,,,,,92.5,,,,,,,,,unknown,,,,7.132277924490072,8.58442202949843,10.160681357042797,-5.272256260907632,8.134501990192723,7.509664685347296,0.6027667565314783,0.20654946415736067,0.12197114255279239,0.0493072073497511,0.019405429408617527,-1.1958621630997741,102,Honorable mention,Jason Richardson; Marcus Williams; Desmond Mason; Dijon Thompson; Luol Deng,30.5,5.8,34.22,star; bust; starter; bust; star
,,,,,,,,,,,,,,,,,,,,,,,,,lajae jones,Lajae Jones,2,92.0,92.0,8.0,84,100,CBS prospect rankings;Rookie Scale consensus,,100.0,84.0,,,,,,,29.5,12.7,5.7,1.1,42.7,,,,,,,,,,,,Lajae Jones,,,,,,,,,,,92.0,,,,,,,,,unknown,,,,7.132277924490072,8.58442202949843,10.160681357042797,-5.1002462746591455,8.134501990192723,7.509664685347296,0.6027667565314783,0.20654946415736067,0.12197114255279239,0.0493072073497511,0.019405429408617527,-1.2395839712004728,103,Honorable mention,Jason Richardson; Marcus Williams; Desmond Mason; Dijon Thompson; Luol Deng,30.5,5.8,34.22,star; bust; starter; bust; star
,,,,,,,,,,,,,,,,,,,,,,,,,kowacie reeves,Kowacie Reeves Jr.,1,97.0,97.0,0.0,97,97,Rookie Scale consensus,,97.0,,,,,,,,,,,,,,,,,,,,,,,,Kowacie Reeves Jr.,,,,,,,,,,,97.0,,,,,,,,,unknown,,,,7.132277924490072,8.58442202949843,10.160681357042797,-6.820346137144025,8.134501990192723,7.509664685347296,0.6027667565314783,0.20654946415736067,0.12197114255279239,0.0493072073497511,0.019405429408617527,-1.2617754825652474,104,Honorable mention,Jason Richardson; Marcus Williams; Desmond Mason; Dijon Thompson; Luol Deng,30.5,5.8,34.22,star; bust; starter; bust; star
,,,,,,,,,,,,,,,,,,,,,,,,,tre carroll,Tre Carroll,1,98.0,98.0,0.0,98,98,Rookie Scale consensus,,98.0,,,,,,,,,,,,,,,,,,,,,,,,Tre Carroll,,,,,,,,,,,98.0,,,,,,,,,unknown,,,,7.132277924490072,8.58442202949843,10.160681357042797,-7.164366109640998,8.134501990192723,7.509664685347296,0.6027667565314783,0.20654946415736067,0.12197114255279239,0.0493072073497511,0.019405429408617527,-1.2860801455894135,105,Honorable mention,Jason Richardson; Marcus Williams; Desmond Mason; Dijon Thompson; Luol Deng,30.5,5.8,34.22,star; bust; starter; bust; star
,,,,,,,,,,,,,,,,,,,,,,,,,kashie natt,Kashie Natt,1,99.0,99.0,0.0,99,99,Rookie Scale consensus,,99.0,,,,,,,,,,,,,,,,,,,,,,,,Kashie Natt,,,,,,,,,,,99.0,,,,,,,,,unknown,,,,7.132277924490072,8.58442202949843,10.160681357042797,-7.508386082137971,8.134501990192723,7.509664685347296,0.6027667565314783,0.20654946415736067,0.12197114255279239,0.0493072073497511,0.019405429408617527,-1.3103848086135799,106,Honorable mention,Jason Richardson; Marcus Williams; Desmond Mason; Dijon Thompson; Luol Deng,30.5,5.8,34.22,star; bust; starter; bust; star
,,,,,,,,,,,,,,,,,,,,,,,,,nimari burnett,Nimari Burnett,1,99.0,99.0,0.0,99,99,CBS prospect rankings,,,99.0,,,,,,,19.8,8.2,2.8,1.2,45.3,,,,,,,,,,,,Nimari Burnett,,,,,,,,,,,99.0,,,,,,,,,unknown,,,,7.132277924490072,8.58442202949843,10.160681357042797,-7.508386082137971,8.134501990192723,7.509664685347296,0.6027667565314783,0.20654946415736067,0.12197114255279239,0.0493072073497511,0.019405429408617527,-1.3103848086135799,107,Honorable mention,Jason Richardson; Marcus Williams; Desmond Mason; Dijon Thompson; Luol Deng,30.5,5.8,34.22,star; bust; starter; bust; star
,,,,,,,,,,,,,,,,,,,,,,,,,isaac mckneely,Isaac McKneely,2,98.0,98.0,2.0,96,100,CBS prospect rankings;Rookie Scale consensus,,96.0,100.0,,,,,,,29.0,10.9,3.0,1.4,41.6,,,,,,,,,,,,Isaac McKneely,,,,,,,,,,,98.0,,,,,,,,,unknown,,,,7.132277924490072,8.58442202949843,10.160681357042797,-7.164366109640998,8.134501990192723,7.509664685347296,0.6027667565314783,0.20654946415736067,0.12197114255279239,0.0493072073497511,0.019405429408617527,-1.3109130965284277,108,Honorable mention,Jason Richardson; Marcus Williams; Desmond Mason; Dijon Thompson; Luol Deng,30.5,5.8,34.22,star; bust; starter; bust; star
